Pc1.A,Pc1.R,Pc1.N,Pc1.D,Pc1.C,Pc1.E,Pc1.Q,Pc1.G,Pc1.H,Pc1.I,Pc1.L,Pc1.K,Pc1.M,Pc1.F,Pc1.P,Pc1.S,Pc1.T,Pc1.W,Pc1.Y,Pc1.V,Pc2.Hydrophobicity.1,Pc2.Hydrophilicity.1,Pc2.Hydrophobicity.2,Pc2.Hydrophilicity.2,Pc2.Hydrophobicity.3,Pc2.Hydrophilicity.3,Pc2.Hydrophobicity.4,Pc2.Hydrophilicity.4,Pc2.Hydrophobicity.5,Pc2.Hydrophilicity.5,Pc2.Hydrophobicity.6,Pc2.Hydrophilicity.6,Pc2.Hydrophobicity.7,Pc2.Hydrophilicity.7,Pc2.Hydrophobicity.8,Pc2.Hydrophilicity.8,Pc2.Hydrophobicity.9,Pc2.Hydrophilicity.9,Pc2.Hydrophobicity.10,Pc2.Hydrophilicity.10,Pc2.Hydrophobicity.11,Pc2.Hydrophilicity.11,Pc2.Hydrophobicity.12,Pc2.Hydrophilicity.12,Pc2.Hydrophobicity.13,Pc2.Hydrophilicity.13,Pc2.Hydrophobicity.14,Pc2.Hydrophilicity.14,Pc2.Hydrophobicity.15,Pc2.Hydrophilicity.15,Pc2.Hydrophobicity.16,Pc2.Hydrophilicity.16,Pc2.Hydrophobicity.17,Pc2.Hydrophilicity.17,Pc2.Hydrophobicity.18,Pc2.Hydrophilicity.18,Pc2.Hydrophobicity.19,Pc2.Hydrophilicity.19,Pc2.Hydrophobicity.20,Pc2.Hydrophilicity.20,Pc2.Hydrophobicity.21,Pc2.Hydrophilicity.21,Pc2.Hydrophobicity.22,Pc2.Hydrophilicity.22,Pc2.Hydrophobicity.23,Pc2.Hydrophilicity.23,Pc2.Hydrophobicity.24,Pc2.Hydrophilicity.24,Pc2.Hydrophobicity.25,Pc2.Hydrophilicity.25,Pc2.Hydrophobicity.26,Pc2.Hydrophilicity.26,Pc2.Hydrophobicity.27,Pc2.Hydrophilicity.27,Pc2.Hydrophobicity.28,Pc2.Hydrophilicity.28,Pc2.Hydrophobicity.29,Pc2.Hydrophilicity.29,Pc2.Hydrophobicity.30,Pc2.Hydrophilicity.30,Class
42.56014387,2.969312363,21.77495733,17.81587418,9.897707877,9.897707877,10.88747867,40.5806023,4.948853939,12.86702024,13.85679103,11.87724945,3.959083151,4.948853939,12.86702024,56.4169349,27.71358206,5.938624726,16.82610339,32.662436,0.00187871,0.002116845,0.00487951,0.001128288,0.001766543,-0.001689781,5.80E-05,-0.003827237,0.00218268,-0.00103179,0.001792759,-0.000747384,0.00192621,-0.000344089,0.002069489,-0.000255245,0.00059113,-2.27E-06,0.001337376,0.001855064,0.00092525,0.001222459,0.000868298,-0.000420174,-0.001267356,-0.000866858,0.002122772,0.001575426,-0.001434001,-0.001149339,0.001345763,-0.000737017,-9.42E-06,-0.000825306,0.000509498,-0.001219063,-0.000404267,-0.000973845,-0.000260992,-0.000104627,0.003040545,0.002356028,-0.002575466,-0.003088854,0.000135351,-0.000989525,-0.003880072,-0.001093742,0.000345028,-0.000275668,0.001460054,0.002571984,0.000630551,0.001334523,-0.001315477,-0.00238375,0.000136124,-0.001857256,0.001353885,-0.000257028,Negative
6.236726122,3.563843498,8.909608746,9.800569621,6.236726122,3.563843498,4.454804373,10.6915305,6.236726122,7.127686997,19.60113924,9.800569621,10.6915305,6.236726122,2.672882624,17.81921749,9.800569621,6.236726122,8.909608746,9.800569621,0.006901386,0.003716823,0.002459042,0.004664477,0.002757453,0.00427712,0.004620006,0.002578032,0.00378121,0.003669744,0.00708841,0.004989839,0.002665097,-0.000297617,0.001685454,0.004132421,0.005719353,0.005267747,0.00567585,0.001852489,0.006421829,0.005815997,0.00309327,0.001282753,0.002826617,-0.000997705,0.003575055,0.004475268,0.002274705,0.002054908,0.001577284,0.004810232,-0.001178085,-0.000280958,-0.001257211,-0.000777823,-0.000634607,-0.001256386,0.005805999,0.004583896,-0.000327029,-0.002269421,-0.004350661,-0.003657946,0.002963942,0.000572451,0.002369067,0.001426863,0.000554099,0.001502196,0.00176641,0.003935557,-0.003947719,-0.002914562,-0.003917224,0.000750401,-0.001724497,-0.004671739,0.000197038,0.000362528,Negative
42.55206918,8.325404839,17.57585466,21.27603459,18.50089964,28.67639445,45.32720412,59.20287886,7.400359857,34.22666434,15.7257647,37.92684427,4.625224911,19.42594462,70.30341864,51.802519,120.2558477,4.625224911,8.325404839,47.17729409,0.001598493,0.001214144,-7.70E-05,0.001566471,-0.000147163,-0.001069817,0.002105271,0.001568665,0.002161958,-2.49E-05,0.004630601,0.002628227,0.00222514,0.002095495,0.000746005,0.000884405,-0.00068029,-0.001043353,0.000905912,0.001353454,0.00102531,0.001577584,0.002024068,0.001872907,0.002941219,0.001790745,0.001275833,0.00176159,0.000178564,7.60E-05,0.001975388,0.001235199,0.00066275,0.000658856,0.004759996,0.003365396,0.000752967,0.000238804,0.000741881,-4.28E-05,0.000822791,-0.000459603,0.000139608,0.001496273,0.000916438,0.000398948,0.003119053,0.003850597,0.000975552,0.000692661,0.002567783,0.002428669,-0.00078315,-0.002948318,-0.000546003,0.000462893,0.002612793,0.002522047,0.002574708,0.002597326,Positive
2.642083897,4.403473162,7.045557059,5.284167794,0.880694632,13.21041949,11.44903022,3.52277853,0.880694632,5.284167794,14.97180875,11.44903022,3.52277853,3.52277853,4.403473162,7.926251692,7.926251692,0,1.761389265,5.284167794,-0.001815873,0.003912896,0.000194588,0.001503842,0.003009014,0.00580954,0.006472623,0.008283119,-0.006423444,-0.005012918,-0.003827507,-0.000830742,0.006794704,0.008410031,-0.002858257,0.000115718,0.000419945,0.000978333,-0.001760386,-0.000954981,0.00342583,0.007859136,-0.001293933,-0.001540229,0.002830188,-7.03E-05,0.006874075,0.009448993,-0.00600079,0.001038223,9.05E-05,0.004006642,-0.000774394,-0.000194858,0.008878771,0.011121331,-0.002393361,0.004156093,0.004766511,0.004851336,-0.001830314,0.003094019,0.009009276,0.009187582,-0.006422965,-0.000333557,-0.004856545,-0.001597869,-0.001923925,0.005298706,0.002209226,0.001366312,0.002688985,0.007386073,0.000848452,0.00436232,0.002965439,0.002145272,0.003753394,0.002455408,Negative
52.56579726,45.6231448,30.74603236,47.60675979,10.90988245,28.76241737,35.70506984,32.72964735,18.84434242,31.73783986,66.4511022,25.78699488,8.92626746,32.72964735,29.75422487,55.54121975,51.57398977,9.918074956,26.77880238,38.68049233,-0.001843996,-0.000530028,-0.003862223,-0.003976749,0.002489819,0.001036555,0.000963185,0.001309142,-0.004134742,-0.000975244,-0.00011589,-0.000162013,0.002480427,0.00260628,0.002399429,0.002077249,-0.003559068,-0.001683986,-0.001620303,0.000795399,0.003341087,0.003382023,0.002067832,-0.000199534,-0.000564562,-0.002509584,-1.16E-05,0.000875953,0.001325876,0.001333369,0.000799277,-0.000508125,-0.00099002,-0.001337887,-0.003964272,-0.001565263,0.003829202,0.00331073,0.000763747,0.000821834,-0.002269816,0.001009072,0.000371717,-0.00037538,0.004036391,0.003813838,0.001023268,0.000489916,-0.000449474,0.001363281,-0.001570118,-9.16E-05,-0.000951688,0.001525208,0.002346183,0.001049783,0.000388291,0.002242099,-0.00525958,-0.004392261,Negative
8.000916769,13.00148975,27.0030941,25.0028649,8.000916769,20.00229192,17.00194813,24.00275031,8.000916769,27.0030941,33.00378167,37.00424006,8.000916769,26.0029795,16.00183354,42.00481304,23.00263571,5.000572981,18.00206273,30.00343788,-0.004538068,-0.004582605,-0.000385627,0.002234751,0.000424615,0.000541783,-0.001222335,-0.002741266,0.000478256,-0.000524113,0.000318595,0.001889276,-0.003002219,-0.00242344,-0.002764364,-0.000502808,-0.000375582,-0.001205484,0.000454358,0.001805166,0.001799887,0.002990051,0.003262331,0.005738173,-0.000343229,0.001496335,-0.001511095,0.001705406,0.00209345,0.001129337,-0.001144073,-0.003104179,-0.000152334,0.002605231,0.000507447,0.000775828,-0.003885191,-0.00227191,-0.00232381,-0.003494788,-0.001027981,0.000295434,0.001401732,0.001136983,0.001661133,0.001257378,-0.005100631,-0.002497276,0.000918456,0.000278841,0.003950908,0.002360676,0.001564588,0.003893326,0.000410038,-0.000358913,-0.002052064,0.000359601,0.001030769,0.000650652,Negative
31.27753559,23.64886837,40.43193625,25.17460182,0.762866722,60.26647101,26.70033526,19.07166804,6.865800495,25.17460182,57.21500413,54.92640396,9.917267382,9.917267382,8.391533939,50.34920363,26.70033526,2.288600165,16.78306788,22.12313493,-0.001008202,0.001651903,0.002675093,0.004999313,0.00364719,0.008319788,0.003885306,0.004295122,0.00039622,0.003520476,-0.000450216,0.002996501,0.005436159,0.01103544,0.002124015,0.006111367,0.002982445,0.004329024,0.003591144,0.008217469,0.003162784,0.004907063,0.000651449,0.00327169,0.001846926,0.00651924,0.004386341,0.009352535,-0.000235576,0.002915783,0.002345382,0.00477259,0.003086798,0.005467185,0.001934429,0.00702689,0.00058037,0.002993115,0.003817792,0.006711702,0.005144711,0.00945286,0.001051427,0.002517919,0.00322031,0.0070212,0.002675946,0.005113962,0.002321495,0.006763783,0.001426635,0.006109679,0.00111479,0.003280016,0.004553308,0.007409859,0.002884553,0.004505279,0.002003322,0.004292176,Negative
9.536139069,11.26998254,44.21300841,42.47916495,1.733843467,36.41071281,35.54379108,20.80612161,7.802295602,39.01147801,50.28146055,55.48299095,7.802295602,23.40688681,22.53996507,58.95067788,41.61224321,2.600765201,16.47151294,18.20535641,0.000504111,0.003298833,-0.004390346,-0.00149076,0.003393366,0.006110929,0.004189411,0.008558532,-0.000192438,0.001109467,-0.001626039,0.001970281,0.002778483,0.003441058,0.001241152,0.001826862,-0.002479112,-0.000607842,0.001735151,0.00529879,0.003694555,0.006953166,-0.001344093,0.000807536,-0.001271925,-1.51E-05,0.00643002,0.008937505,0.004269643,0.00576048,0.00039296,0.002254686,-0.001118833,0.000907678,0.002807814,0.006383666,0.002233239,0.003278549,-0.003628928,-0.001118398,0.000285874,0.003475328,0.000393235,0.002037638,-0.000579641,0.003252792,0.00085872,0.003940708,0.001542922,0.004025654,0.000991728,0.002816744,0.002510912,0.004749268,0.001054889,0.003320202,0.002183051,0.004948645,0.004491821,0.005493676,Negative
41.50503387,19.30466692,51.15736732,24.13083364,0.965233346,27.99176703,70.46203424,29.92223372,17.37420022,33.7831671,48.26166729,28.95700037,12.54803349,24.13083364,31.85270041,42.47026721,47.29643394,0.965233346,26.06130034,35.71363379,-0.00157178,-0.002580491,-0.001527688,-0.002755179,0.002642046,0.004489529,0.003279458,0.001390535,0.002051085,0.000737989,-0.001731602,-0.00117561,0.001310488,0.002773862,0.001591405,6.60E-05,0.000808648,-0.00061865,0.001506545,0.001486243,0.003989045,0.003899125,-0.000895549,0.00093082,0.000135916,-0.00181084,0.002994835,0.003687199,-0.001163348,0.001028469,-0.003728499,-0.001561621,-0.000178879,0.000255811,0.001322971,0.001010832,-0.002627459,-0.000280711,-0.001184942,-0.001378386,-0.001499306,-0.000657373,0.002197729,0.003354237,0.001118583,0.002805293,0.001186563,0.000707073,-2.95E-05,0.002227635,0.000210644,0.00076456,-0.000455931,-0.001125179,0.002712056,0.002223964,0.000907381,0.002426621,-0.000900938,-2.50E-05,Negative
12.73592005,3.918744631,20.57340931,17.63435084,7.837489261,13.71560621,8.817175419,18.614037,1.959372315,26.45152626,21.55309547,4.898430788,2.939058473,9.796861577,21.55309547,58.78116946,53.88273867,0.979686158,17.63435084,26.45152626,-2.27E-05,0.000923085,-0.001683261,-0.000466267,-0.0001243,-0.000404422,-0.000935714,-0.000380109,0.003552433,0.000610148,0.000212528,-0.002618394,-0.000563108,-0.00080967,0.002617595,0.000617418,-0.000296803,-0.002184199,0.003062298,0.00246385,0.001230968,0.000247053,0.003062227,0.000285591,-0.001351772,-0.000647479,-0.000771882,-0.002228709,0.002142404,6.19E-06,-0.001843377,-0.00301929,-0.000293888,0.000304398,0.002633575,0.001498803,-0.001795626,-0.00411359,0.002522041,0.001862774,0.001686656,0.002071446,0.001955132,0.000377504,0.002037946,-0.000315431,0.000121242,-0.000738441,0.001106817,0.001615381,-0.000755732,-0.002264189,0.000385989,-0.000737996,0.002264928,0.003128543,0.000665723,-0.000566247,0.00379448,0.001179284,Positive
12.69410698,3.90587907,18.55292558,7.81175814,1.952939535,14.64704651,7.81175814,6.835288372,3.90587907,14.64704651,17.57645581,16.59998605,3.90587907,6.835288372,9.764697675,16.59998605,10.74116744,1.952939535,6.835288372,11.71763721,0.003545847,0.004218933,0.002633429,0.002833144,-0.00067332,6.71E-05,-0.007695595,-0.006761619,-0.003753504,-0.001746146,-0.000689272,-0.000627572,0.000326215,-0.000200621,-0.0024407,0.000299743,0.003229839,0.003485049,0.002037957,0.004717427,0.002399787,0.00471508,0.001872023,0.002043493,-0.001164183,-0.002765971,-0.003907178,-0.003559998,-0.007264612,-0.003249752,-0.000100821,0.005579339,-0.001770579,-0.000732915,0.003941633,0.004231461,0.001836674,0.002769168,0.002896258,0.002451267,0.000130351,0.002555843,0.002091753,0.005199642,-0.005035178,0.000539009,-0.001245183,-0.000119186,0.000739985,-0.00217888,0.000369489,0.001392955,0.00076343,0.005069039,0.002594706,0.004382253,-0.000790911,-0.001702919,-0.00262626,-0.001626174,Negative
15.52427616,11.38446919,9.314565698,13.45437267,3.104855233,15.52427616,9.314565698,6.209710465,7.24466221,18.6291314,27.94369709,16.55922791,5.174758721,9.314565698,8.279613954,16.55922791,7.24466221,2.069903488,5.174758721,15.52427616,0.002254986,0.001202783,-0.005060853,-0.001886258,0.002364734,0.005739458,-5.45E-06,-0.001723576,0.00607525,0.002443245,-0.007358362,-0.003196436,-0.002500523,0.001628868,-0.001566466,-0.001375121,-0.003389534,-0.002924012,-0.005406302,-0.006488838,-0.003672114,-0.004514401,-0.006827737,-0.007306289,-0.003451732,-0.003765669,0.0016134,0.00452809,0.004973895,0.005664695,0.009907747,0.007376688,-0.007387797,-0.002933285,0.001036191,-1.46E-05,0.006531475,0.010048188,0.00059039,0.004921341,-0.000262474,0.002777515,-0.000834629,0.00239541,0.003380463,0.004655446,-0.002194138,-0.005104175,0.005639946,0.003337575,-0.005340016,-0.001879908,-0.008982149,-0.006649373,-0.007619181,-0.00527878,-0.001368836,-0.004985057,-0.001505432,-0.001279999,Positive
44.97159461,38.41323706,56.21449326,40.2870535,6.558357547,45.90850283,31.85487951,39.35014528,18.73816442,37.47632884,59.96212614,32.79178773,14.05362331,38.41323706,59.02521792,108.6813536,65.58357547,0.936908221,29.04415485,48.71922749,-0.001472811,-0.000975397,-0.00257124,-0.001816686,-0.000124435,0.001633388,-0.000418736,-0.001242642,0.000435994,0.003121913,0.002741655,0.001986979,0.00346083,0.003488012,0.001338748,0.001180356,-0.001003146,0.000731427,0.000380038,0.000567383,0.00113878,0.001092284,0.001008522,0.001222193,-0.000103761,0.000755216,0.001638561,0.002347028,-0.000403186,0.001695903,0.003140364,0.001540321,6.10E-05,0.000662312,0.002534524,0.001983024,-0.000942081,0.001201583,-0.001211653,-0.000142268,0.003140188,0.002017846,0.001243727,0.000597614,0.001164992,0.003193735,0.000279024,0.000745105,0.001724539,0.00335554,0.002564946,0.003323743,0.000323586,0.00250405,0.000562774,0.000471383,-0.000415804,0.000152623,0.002427485,0.003054354,Negative
110.9063065,49.59225089,41.47715529,48.6905736,1.803354578,69.42915125,87.46269703,77.54424685,9.918450179,37.87044614,56.8056692,47.78889632,26.14864138,36.06709156,119.9230794,73.9375377,51.39560547,8.115095601,19.83690036,62.21573294,0.00205845,0.004710019,0.000992613,0.003179778,0.002146457,0.003716658,0.000100135,0.000801522,0.00199223,0.003729988,9.01E-05,0.002020287,-0.000741707,0.002264995,0.002813436,0.003402291,0.001694023,0.004306426,0.001488266,0.003449164,0.000569926,0.002570865,0.002698125,0.00500615,-0.002630271,0.000699837,-0.000578306,0.001914553,-0.001559979,0.002240426,-4.69E-05,0.002517393,0.001315029,0.003930956,0.000399542,0.003068565,-8.78E-05,0.003476022,0.001260958,0.002796851,0.000282888,0.003413078,0.001452509,0.001560051,-0.000866167,0.000318685,-0.000463296,0.003139053,-0.002024263,0.000149015,-0.001228942,0.001854919,0.001301084,0.004279603,9.90E-05,0.002213757,-3.42E-05,0.002810134,0.001804459,0.004484251,Negative
1.845317202,8.303927407,8.303927407,0.922658601,4.613293004,1.845317202,3.690634403,2.767975802,3.690634403,5.535951605,18.45317202,5.535951605,1.845317202,9.226586008,4.613293004,9.226586008,2.767975802,0.922658601,2.767975802,7.381268807,-0.001142394,-0.002260519,0.001306969,-0.001117913,-0.000347015,0.000768713,0.000644237,0.00471319,-0.002747772,0.000798057,0.002243262,0.000183059,0.004168877,-0.000624303,0.003662462,0.002529982,0.016697546,0.008275726,-0.005319269,-0.003436817,0.007777228,0.004452925,0.008238998,0.004455216,-0.004926022,-0.001594416,-0.003501851,0.000951726,-0.001834007,-0.000907719,0.001109645,-0.001718577,0.002135677,0.001031597,0.010292123,0.00526639,-0.001198604,-0.002498127,0.006710039,0.002905145,-0.002150958,-0.001669235,-0.002233589,0.000101207,-0.004986394,-0.003627977,0.001331992,0.002297572,-0.001817942,0.001191584,0.006560041,0.00369327,0.008739398,0.000858258,-0.000848602,-0.002398117,0.010320526,0.00643166,-0.007313727,-0.003281034,Negative
9.889816955,7.829438423,4.532832771,13.59849831,0.412075706,15.65887685,6.593211303,8.653589836,2.884529945,3.708681358,7.829438423,30.49360228,1.236227119,3.708681358,2.884529945,13.18642261,11.53811978,1.236227119,0.412075706,5.76905989,0.008489396,0.013471592,0.007300584,0.01394497,0.007423247,0.013346914,0.006335535,0.012812798,0.008239297,0.016150547,0.009078755,0.014918863,0.008333759,0.014221815,0.005575981,0.012467716,0.006584824,0.013145265,0.007574137,0.013758631,0.007630301,0.014991601,0.00791574,0.012922993,0.00607453,0.012254003,0.007195704,0.013554295,0.006342128,0.012591533,0.006432202,0.013014267,0.006074612,0.012332141,0.006302427,0.012043137,0.004753186,0.01177286,0.005534984,0.011731915,0.007752383,0.013497831,0.005824598,0.011661407,0.006793549,0.012961518,0.006110369,0.011486685,0.006043951,0.012607585,0.004966961,0.012670864,0.004950003,0.011296729,0.005799498,0.011822291,0.005566511,0.012277513,0.006217896,0.012976968,Negative
111.5339115,25.59794689,45.71061945,31.08322123,4.571061945,62.16644245,150.8450442,26.51215928,20.11267256,30.16900884,64.90907962,30.16900884,13.71318584,10.05633628,61.25223007,63.08065484,53.93853095,9.14212389,29.25479645,39.31113273,-0.001662884,0.00116005,0.000878648,-0.00178127,0.001304226,0.004192016,0.005330689,0.003933385,-0.000107161,-0.000799959,0.003419534,0.003385853,0.00282085,0.004670939,-0.000155027,-0.000504839,-6.32E-05,0.000770016,0.002755949,0.004556169,-0.001396528,0.000717584,-0.000535031,-0.002759212,-0.000510755,0.002079325,0.003220382,0.004383206,-0.002569741,-0.000890883,0.001243861,0.000427429,0.001048216,0.004129945,0.003050512,0.002954181,-0.000724224,7.67E-05,0.002079317,0.001926653,-0.000635353,0.003014802,0.000895086,0.000267559,0.00061545,0.00315856,0.004841142,0.004649747,-0.000380553,0.001227354,-0.000401027,0.000584095,0.000582103,0.003757978,0.002495721,0.002167921,-0.0005463,-3.39E-05,0.003991827,0.003480452,Negative
58.96202996,0,5.7060029,10.46100532,11.4120058,48.50102465,18.06900918,39.9420203,1.902000967,22.8240116,7.608003866,14.26500725,1.902000967,4.755002417,85.5900435,76.08003866,142.6500725,0.951000483,16.16700822,53.25602707,0.002702094,0.000212945,0.001137133,-0.000176564,0.000604309,4.03E-05,-0.001693657,-0.000670802,0.001184629,-0.000791707,0.003160643,0.004793198,0.001037908,0.000322433,0.001118985,-0.000285751,0.002675554,0.002139391,0.000135297,-0.002163361,0.001152107,0.00159733,0.00355109,0.004755919,0.000961595,0.000466983,0.000745997,0.000440649,0.000246648,0.000178067,-0.000806716,-0.001990582,-0.000905828,-0.000479515,0.001384602,0.003304603,0.000966059,-0.000838894,0.002901948,0.002309025,0.001716878,0.001545754,0.001179635,0.000289514,0.001147011,0.000607069,0.002237627,0.00392123,0.000143743,-0.00210626,0.000671792,0.000414856,0.000208916,0.0012894,-2.60E-05,-0.001312086,0.000379834,-0.000740538,0.001314208,0.000692938,Positive
23.5081908,6.85655565,13.7131113,23.5081908,8.81557155,14.69261925,11.7540954,17.6311431,12.73360335,10.77458745,21.5491749,11.7540954,0.97950795,13.7131113,5.8770477,37.2213021,19.590159,5.8770477,15.6721272,16.65163515,0.00232099,-0.000507305,-0.002709341,-0.002555085,-0.000595324,-0.002406741,0.000139134,0.003958262,0.000797908,0.001412422,0.000261262,-2.17E-05,0.001512107,0.001586999,-0.001540663,-0.001242846,0.001350555,0.002429335,0.000257828,0.00219657,-0.000435373,0.00178435,0.000220071,0.000725326,-0.002826567,-0.001249237,0.004916968,0.001826817,0.006137337,0.002716179,-0.000961071,0.001659141,0.003643287,0.00474065,0.003359055,0.00467448,-0.000353114,0.000401705,-0.005265432,-0.005986168,-0.004144145,0.000431189,-0.001252934,-0.000540052,-0.00149422,0.000433434,0.001326264,0.000519031,-0.003683571,0.001423185,-0.003471469,-0.001704882,-0.001929545,-0.002050869,-0.000368038,0.000708815,0.00367818,0.002038164,0.002849989,0.001350799,Positive
13.76734383,10.81719872,15.73410724,18.68425234,3.933526809,15.73410724,12.78396213,27.53468766,11.80058043,17.70087064,23.60116085,24.58454256,9.833817022,18.68425234,17.70087064,15.73410724,16.71748894,2.950145107,14.75072553,14.75072553,-0.00312926,-0.00114318,-0.000768331,0.000398383,-0.001595737,-0.001705599,0.001744362,0.001170738,-0.004414495,-0.001929615,0.000441415,0.000989792,-7.57E-05,0.00066013,0.002875678,0.001356519,-0.003760839,-0.002638542,0.000544087,0.003594117,0.000193028,0.00341445,-0.00503417,-0.003867791,-0.004481004,0.000159439,0.001920965,0.001797466,-1.53E-05,0.002124951,0.001905814,0.002094765,-0.000218282,0.000192025,0.003293214,0.001027466,0.000965493,0.000914754,0.002481835,0.002060079,0.000585491,0.00090156,-0.002872974,-0.000764175,0.000167447,0.000505007,0.003083279,0.002832887,0.000311132,-0.000779707,0.002205158,0.002204377,-0.004926504,-0.002990354,0.001488604,0.001658543,0.000363046,0.001372173,0.002242035,0.005488205,Negative
4.763076531,4.763076531,3.969230443,6.350768708,4.763076531,11.90769133,6.350768708,7.938460885,1.587692177,1.587692177,7.938460885,17.46461395,2.381538266,3.969230443,3.175384354,8.732306974,7.938460885,3.175384354,3.175384354,7.144614797,0.00034035,0.005605811,0.000763505,0.001224383,0.003734899,0.011424856,0.002031723,0.005279982,0.00972615,0.011629165,0.001947255,0.00398806,0.001498175,0.007737825,-0.004522497,0.00248463,0.002819949,0.006961963,0.001554374,0.007112922,0.001089454,0.004356664,-0.003590888,0.00058297,-0.005318431,0.001099924,0.00768901,0.008729037,0.001145607,-0.000299891,0.003499371,0.00927976,0.001145517,0.005374135,0.002466217,0.002428694,0.007210806,0.016450395,0.005746897,0.003495946,0.00418732,0.002307208,0.001336858,0.007766751,0.000193302,0.002577111,0.003319176,0.000389278,0.00431155,0.004797659,0.003200183,0.009738029,-0.005059433,-0.004073213,0.000537956,0.00247363,-0.000615397,0.004123854,0.002096772,0.006620644,Negative
35.77099056,10.22028302,15.33042453,25.55070755,2.044056604,9.198254716,12.26433962,22.48462264,7.154198113,16.35245283,29.63882075,19.41853773,7.154198113,10.22028302,8.176226415,28.61679245,23.50665094,11.24231132,7.154198113,24.52867924,-0.002259516,0.001799696,0.000175282,0.000191123,-0.001976793,-0.001588529,-0.00881729,-0.003309223,-0.003626964,-0.006820191,-0.003152202,-0.007096836,-0.001559747,-0.001222061,-0.001407798,-0.00501275,0.001683343,0.003965164,0.003290119,0.005762468,0.009476074,0.012904226,0.005007016,0.007285407,-0.000893229,-0.002293692,-0.001699717,-0.000178399,-0.003461352,-0.00421909,0.001865971,-0.001151388,-0.007604925,-0.007541608,-0.002034845,-0.001780529,0.00140571,6.54E-05,0.003042887,0.002125564,0.005164555,0.00185301,0.000876809,-0.000825786,-0.001321366,0.000857278,0.001545649,0.001086416,-0.000639304,-6.37E-05,0.001438394,-0.002877182,-0.00311611,-0.003339359,0.002917142,0.002126434,-0.005604309,-0.005486321,0.001857224,0.002185467,Negative
23.89812798,27.51905646,30.41579925,28.24324216,2.172557089,48.52044166,10.86278545,19.5530138,7.96604266,23.89812798,29.69161355,47.07207026,8.690228356,13.03534253,23.17394228,34.03672773,24.62231368,1.448371393,8.690228356,16.65627102,0.002786127,0.007578278,0.003067357,0.006976084,0.003264854,0.007941132,0.001401116,0.007864411,0.000336153,0.005867711,0.005720934,0.011559151,0.001576001,0.005517718,0.002399901,0.007370955,0.002044184,0.007523461,0.003455354,0.008240479,0.005474784,0.008144971,0.001355079,0.006594753,0.0052337,0.009544039,0.003638623,0.007463271,0.004462658,0.009485801,-0.000209345,0.002854753,0.00316389,0.007508327,0.000948806,0.006185068,0.00213066,0.007178804,0.001419618,0.004496121,0.002505878,0.007032479,3.51E-05,0.003242871,0.001402427,0.005826087,0.001589669,0.005351181,0.005410015,0.009376898,0.001130133,0.005724561,0.002472096,0.006442657,0.002834328,0.006068459,-0.00201217,0.00285086,0.003065174,0.005899863,Negative
35.92289441,17.47600269,17.47600269,20.3886698,0.970889038,18.44689172,26.21400403,43.69000671,16.50511365,13.59244653,41.74822864,15.53422461,13.59244653,12.62155749,27.18489307,46.60267383,32.03933826,3.883556152,6.796223267,13.59244653,0.000910017,0.000413648,-0.002274778,-0.001683391,0.004087697,0.004424674,-0.001275998,-0.00022241,-0.002066985,-0.000826869,0.000937441,0.003527451,0.000531413,0.000768452,-0.001206695,-0.002873939,0.001653946,0.002634755,0.002472141,0.002061032,-0.001845513,-0.000719452,0.001272062,0.002557202,0.002854399,0.002149449,-0.000747248,-0.000829943,0.002663389,0.004955101,-0.000864141,0.002314327,-0.002024636,6.09E-05,-0.000105015,0.001245096,-0.001058433,0.001563398,-0.002867118,-0.000936151,0.00023756,5.23E-05,-0.000580272,0.000604306,-0.001486642,-0.000266875,0.001485599,0.00093588,0.000367809,0.002001576,-0.000910989,0.000174622,-0.001305346,0.000679459,-0.000434167,0.00167937,-0.000419418,0.000131586,0.00303869,0.001496618,Negative
38.42512157,27.07224474,15.71936792,35.80522692,3.49319287,33.18533227,15.71936792,26.19894653,10.47957861,21.83245544,40.17171801,25.32564831,8.732982175,19.21256079,22.70575366,31.43873583,18.33926257,3.49319287,7.859683958,27.94554296,0.002939893,0.005964309,-0.001427678,0.001193722,-0.001407368,0.003033836,-0.001101688,0.003246581,-0.001254742,0.004131551,0.000959336,0.005804036,0.004649102,0.005436904,0.004864991,0.004980588,0.00228521,0.002401499,-0.000947419,0.00077957,-0.00065647,0.00500895,-0.00078792,0.003265405,-0.002321824,0.004026743,-0.00324297,-0.001025651,-0.000975986,0.002308333,0.001997645,0.003870835,8.67E-05,0.003837645,0.002025696,0.003049869,0.001064348,0.004191678,-0.001748228,0.000527315,0.00315673,0.005378156,0.00242984,0.003586781,0.00030781,0.003466252,0.00043333,0.006387309,0.005105509,0.006945491,-0.001408848,0.002360538,-0.000274844,0.003547402,-8.37E-05,0.001398739,0.001878299,0.003037362,0.00315329,0.004862036,Positive
34.67079644,44.70707962,24.63451326,43.79469024,11.86106194,64.77964598,24.63451326,30.10884954,12.77345132,52.00619466,73.90353978,45.619469,23.72212388,30.10884954,29.19646016,49.26902652,38.32035396,3.64955752,30.10884954,41.96991148,0.001326201,0.002093592,-0.003469287,-0.001699032,0.000899239,0.003502599,1.27E-05,0.001619978,-0.002106668,-0.000109628,-0.00132296,0.002090192,0.003388355,0.005537989,0.000105618,0.001920968,-0.000932869,0.000650819,0.002158379,0.005102233,0.005597134,0.00384672,-0.001142715,0.000470966,0.002740624,0.004556317,0.004013652,0.005038922,-0.000318162,0.000579718,-0.003046925,-0.00047901,0.002693396,0.003992058,0.001044021,0.003148959,0.003900061,0.003871044,0.00091317,0.003875361,0.001373951,0.002103826,-0.000405995,0.001074048,-0.001793592,0.000848464,0.002300886,0.001261245,-0.000671685,0.00036121,-0.000173949,0.00159131,0.000642563,0.002758962,0.001254569,0.001470829,0.000359303,0.002215596,0.002494953,0.002480364,Negative
13.13800763,5.053079859,13.13800763,11.11677569,1.010615972,11.11677569,7.074311802,4.042463887,3.031847915,7.074311802,12.12739166,9.095543746,3.031847915,11.11677569,7.074311802,16.16985555,11.11677569,0,5.053079859,6.06369583,0.000619291,0.001411919,-0.003515524,-0.005467458,-0.003074217,-0.001858655,-0.003609064,0.000261959,-0.002436368,-0.003207568,-0.001199395,0.001804509,0.012280158,0.012422841,0.006079908,0.006535912,-0.003901345,-0.001869612,-0.003816317,-0.007090542,-0.003374347,-0.001348824,-0.00210889,0.000467953,0.006045606,0.007830676,0.003498073,0.005402597,-0.001037909,-0.003319444,-0.005335107,-0.001030188,0.00288985,0.003137071,-0.000886894,0.002105577,-0.003293619,-0.00270879,0.002133188,0.005094287,0.000956271,0.004715055,-0.003832157,-0.001067853,-0.008217271,-0.007283872,-0.003624916,-0.001214178,-0.003948222,0.003586956,0.001400611,0.001390854,-0.000624271,-0.002002988,-0.00288376,-0.002027881,0.00016771,0.003367597,-0.003940335,-6.46E-05,Negative
45.29507083,5.546335204,11.09267041,12.01705961,7.395113605,24.95850842,6.470724404,21.26095161,1.848778401,18.48778401,25.88289762,8.319502805,0.924389201,9.243892006,23.10973002,27.73167602,59.16090884,0,12.01705961,42.52190323,0.000297384,-0.000195222,0.000505489,-0.00209801,0.005926021,0.003829234,0.000764471,-0.000180369,0.000409427,-0.003189925,0.003728914,0.001286278,0.003165758,-0.0007419,0.002322247,-0.000520919,-2.48E-05,-0.000766032,0.004664376,0.001375899,0.003737623,-0.000511117,0.004863424,0.003329786,0.002139931,0.001940577,0.001712057,0.001392138,0.003340099,0.001558844,0.003690839,0.001070371,0.000101478,-0.002411805,0.003719557,-0.000390295,-5.50E-05,-0.001140042,0.001095467,0.00172111,0.004875888,0.00206901,0.00364527,0.001491119,0.001906104,0.000932116,0.005529641,0.002037395,-0.001127758,-0.000649323,0.00158602,-0.002432021,0.003476567,0.000325915,0.000982017,-0.001261832,0.001606459,-0.001413476,0.001232125,-0.000663767,Positive
28.11775457,43.05531169,58.87154863,43.05531169,4.393399152,40.4192722,21.96699576,28.9964344,17.57359661,47.44871084,55.35682931,49.2060705,16.69491678,22.84567559,30.75379406,75.56646541,34.26851338,2.636039491,21.08831593,28.9964344,0.001809795,0.001816863,-0.00360454,-0.001563153,0.00222678,0.004335978,0.003234397,0.002583709,0.004015875,0.00473309,0.000465358,0.001494542,0.000781996,0.002162155,0.002930149,0.004953527,0.001315583,0.002739813,0.003565094,0.004849578,0.002029971,0.004637713,0.000934248,0.002721531,-0.000658701,0.00165776,0.000193144,0.002548176,-0.000815131,0.002746372,0.001543792,0.001737506,0.000336518,0.001172246,0.002205912,0.002058641,-0.000820942,0.001562063,-0.000214819,0.001021623,0.001749369,0.002489589,0.002492994,0.004775349,0.003462289,0.002772321,0.000753675,0.002095391,0.002322478,0.002663879,0.002263365,0.003738387,0.001760064,0.00222656,0.003817513,0.003060741,0.002152692,0.003014223,-0.000298354,0.002563435,Negative
4.608303636,6.451625091,8.294946545,4.608303636,0,2.764982182,2.764982182,4.608303636,0,6.451625091,11.05992873,4.608303636,3.686642909,5.529964364,0,12.90325018,5.529964364,0.921660727,1.843321455,2.764982182,0.004141212,0.000506932,-0.00912372,-0.001047669,0.016681818,0.011488833,0.012061168,0.007782903,0.005721737,0.01039042,0.002464226,-0.001357963,0.008639764,0.007833497,0.001624842,0.005275842,0.001295983,-0.00018652,0.016162863,0.010101394,-1.77E-05,0.001183745,-0.014651164,-0.007019787,0.010111545,0.007706454,0.010400772,0.006377984,-0.006484493,-0.00255573,-0.015417577,-0.012487254,0.003222542,0.002454309,0.00979258,0.011157817,-0.012607396,-0.007302303,-0.005520493,-0.003658705,0.005932014,0.008209633,-0.009109808,-0.001058588,-0.003163659,-0.000385952,0.004393998,0.001704079,-0.001928276,0.001987902,-0.008794055,-0.005182469,0.004795153,0.006124777,0.008950699,0.005708226,-0.009081613,-0.006548847,-0.007149039,-0.002207592,Negative
12.16587708,5.322571221,17.4884483,19.00918293,0.760367317,22.81101952,6.082938539,6.843305856,3.801836587,16.72808098,19.00918293,35.73726392,4.562203904,9.124407808,11.40550976,22.0506522,15.20734635,0.760367317,8.364040491,11.40550976,-0.001308721,0.002417625,0.002837251,0.00678047,-0.001692608,0.000561478,0.00425028,0.00887232,0.000119428,0.003266304,0.005012178,0.007109473,7.21E-05,0.005458134,0.005058488,0.006561851,-0.003106516,0.001907531,0.008344134,0.015211575,0.00261978,0.005720852,0.001271679,0.006546998,0.002186491,0.004547281,0.00393013,0.01047753,-0.000302167,0.004154044,0.003353542,0.00670116,0.002007,0.005552034,0.007869757,0.007930065,0.002263637,0.007193002,-0.002277453,0.004319973,0.004166957,0.008263822,0.001998735,0.00416605,-0.000676844,0.0030154,0.001904263,0.005839077,-0.001528834,0.003925926,0.002506225,0.004789412,0.00118671,0.006199104,0.003071556,0.009400161,0.002264199,0.009297064,-0.00011441,0.006159982,Negative
7.086757045,11.5159802,5.315067784,1.771689261,0.885844631,8.858446306,11.5159802,1.771689261,2.657533892,4.429223153,15.05935872,13.28766946,4.429223153,5.315067784,7.086757045,11.5159802,7.086757045,1.771689261,2.657533892,6.200912415,0.004216888,0.003696376,-0.002406889,0.000449366,0.005862892,0.004249503,0.007067003,0.007789559,-0.004753602,-0.005729318,-0.002631644,-0.004152702,-0.003626045,-0.000168956,-0.005223548,-0.001108056,-0.002962467,-0.000727815,0.006511234,0.006835828,-0.00046521,0.001083237,-0.001174474,0.00128984,0.007275326,0.004528918,0.003502091,0.004457593,-0.002801533,-0.001342875,0.003301755,-0.001246471,0.004589426,0.002704104,-0.005813895,-0.003780216,0.001909364,0.001825332,0.003485227,0.002627569,0.002833173,0.001594156,-0.000963937,0.002560485,0.012300873,0.010931487,0.006390791,0.005186794,0.001089876,0.000451943,-0.001750557,0.000781136,0.012111248,0.007836174,-0.002999242,0.001767515,0.005003336,0.002877809,0.005563255,0.001446343,Negative
35.30085322,13.72810959,28.43679843,23.53390215,11.76695107,32.35911545,29.41737769,25.49506066,11.76695107,33.33969471,56.87359686,33.33969471,9.805792562,23.53390215,29.41737769,46.08722504,37.26201174,2.941737769,23.53390215,39.22317025,0.002916327,0.001689156,-0.002748695,-0.002504975,-0.000190418,0.00021846,0.001645325,0.001796593,-0.001148629,-0.000990657,0.002086742,0.002412124,0.002748655,0.001535378,0.000426074,0.000570812,-0.001389327,0.002136696,0.000869636,0.000744821,-0.000715393,0.000825468,-0.002349028,-0.001495724,0.00095696,0.002531436,-0.002230898,-0.000725388,-0.003045337,-0.003363003,0.000231814,0.00143949,0.001595444,-0.000837201,-0.006450152,-0.004835396,-0.000481363,0.000204651,0.000910206,-0.000129737,-0.000821683,-0.000536622,0.002774213,0.000777181,0.004367701,0.002894357,0.00104218,-0.001515939,0.002051828,0.001107541,0.003016627,0.001039332,0.000255762,-0.000794068,-0.000613291,-0.000572111,0.003429326,0.002528655,0.00231935,0.001809461,Negative
26.19667673,15.90512516,30.87465471,42.10180188,6.549169182,32.74584591,14.96952956,29.00346352,14.96952956,35.5526327,43.97299308,42.10180188,13.09833836,24.32548553,34.6170371,40.23061069,30.87465471,8.420360376,30.87465471,22.45429434,0.002484505,0.003348304,0.002097257,-0.000208911,0.004528296,0.004579799,0.001575147,0.004475676,0.006407512,0.00618596,0.000350604,0.000268094,0.003969638,0.007544383,0.003383661,0.003085984,-0.002408376,-0.002926354,0.001803547,0.001226652,0.00040246,0.003537676,0.002754809,0.001935377,-0.000601023,0.000494601,0.003436994,0.003479456,0.002561956,0.002952213,-2.00E-05,0.000792955,-0.001397185,-0.000534373,-0.001694132,7.91E-07,0.001040622,0.002995996,-0.002957938,0.000706481,-0.000238072,0.002151797,-0.000498864,0.000492029,-0.001482318,0.002760924,-0.000106983,0.001491739,-0.004123875,-0.002274697,-0.002362508,-0.001675863,0.001271741,0.002214152,-0.000489761,0.000949907,-0.000615523,0.001343746,-0.002537924,-0.003524334,Negative
13.43516036,17.63364798,17.63364798,10.91606779,0.839697523,9.236672749,10.07637027,16.79395045,4.198487613,19.31304302,20.15274054,8.396975227,6.717580181,20.15274054,7.557277704,18.4733455,16.79395045,2.519092568,8.396975227,13.43516036,0.00570889,0.003141631,-0.001606254,-0.001758628,0.006894945,0.004649939,0.006483042,0.004085313,0.004164659,0.000816651,0.008066731,0.007729803,0.001063738,-5.00E-05,0.003718701,0.00089321,0.001048881,0.001026098,0.008714242,0.005418915,0.006132886,0.002746392,0.003256303,0.003551407,-0.003418367,-0.001122958,6.54E-05,0.000859311,0.004181122,0.004251694,-0.000426226,8.28E-05,0.004011469,0.002731628,0.003480425,0.001791625,0.000332641,0.000413106,0.003844256,0.002838455,0.002600941,0.00129873,0.00428549,0.004130679,0.000410265,0.002998432,-0.003519784,-0.000209213,0.00471492,-0.000235014,0.002875161,0.000430445,0.003331048,0.002728341,0.005256813,0.004702869,0.008309032,0.00364263,0.002167626,0.000569173,Negative
11.19603673,5.089107603,14.24950129,11.19603673,2.035643041,16.28514433,14.24950129,8.142572164,1.017821521,14.24950129,23.40989497,8.142572164,2.035643041,12.21385825,5.089107603,14.24950129,12.21385825,2.035643041,5.089107603,15.26732281,0.003039547,0.00048359,-0.006258585,-0.005531174,0.005101037,0.005448499,0.001775225,0.005474039,-0.003752021,0.000543078,-0.00465257,-0.006382928,0.002410747,0.001046302,-0.000519053,-0.002901614,-0.002170376,-0.002461791,-0.005865464,-0.003364406,0.000565693,0.001522023,-0.004605946,-0.002109229,-0.003030153,-0.006372118,0.00554696,0.000166846,0.00198869,0.000435493,-0.001604141,-0.001329825,-0.002195832,-0.002543851,0.005713253,0.002995567,0.001989984,0.004479508,-0.003269438,-0.003143272,0.001062521,-0.004019418,-0.003342478,-0.000175933,-6.58E-05,0.000600747,-0.002413519,-0.000136639,0.000536858,0.001966092,0.001127926,-0.00042073,-0.001531146,0.001162953,-0.002068172,-0.000266774,0.004865701,0.005967518,0.002677403,-1.09E-05,Negative
3.827857997,6.890144395,8.421287594,9.186859194,0,11.48357399,6.890144395,9.952430793,6.124572796,3.062286398,5.359001196,4.593429597,3.062286398,3.827857997,3.062286398,16.84257519,6.124572796,0,3.062286398,3.062286398,0.007262101,0.011161761,0.007300002,0.006378969,0.004018397,0.005596805,0.002669918,0.006973777,0.005075606,0.007418335,0.000525001,0.004719482,0.008570843,0.00971002,0.003948113,0.004456086,0.004610834,0.006049192,0.001392157,0.005210773,0.00292151,0.005834398,-4.68E-05,0.005604735,-0.000847807,0.004017686,0.006732789,0.008602496,-0.001653518,0.001801298,0.002229135,0.006023534,0.004970588,0.007321669,-0.000106703,0.002850682,0.000807707,0.004253371,-0.00455957,0.002542919,0.000573111,0.006882562,-0.002208251,0.003845691,0.001593097,0.005820388,0.001421332,0.002748279,0.000535401,0.002676715,0.004874472,0.00656622,-0.002134018,0.001892703,0.004937827,0.006780213,0.002229092,0.006064186,0.001868404,0.005112652,Negative
1.449295646,0,0.724647823,2.173943468,8.695773873,1.449295646,2.898591291,2.173943468,0.724647823,0,0,6.521830405,0.724647823,0,0.724647823,5.797182582,1.449295646,0,0,0.724647823,-0.000784236,-0.002700796,0.002045513,0.004339367,0.003329044,0.007730655,-0.000105345,0.001835647,0.007556963,0.008497152,0.003224495,0.007225357,0.00380883,0.002170662,0.00784146,0.014225435,0.00131994,0.00237155,0.000531045,0.002074248,0.00579834,0.009621872,0.001320521,0.005862358,0.00117409,0.005727068,0.008711583,0.009254921,0.001073837,0.003403311,0.003553056,0.00495432,0.007503443,0.010390879,0.002122105,0.009389454,0.003981952,0.007891425,-0.00028821,0.000608371,0.003575013,0.005881915,0.007349648,0.007727023,0.005882198,0.010331705,-0.00534545,-0.005324316,0.011779715,0.020957839,0.002184308,0.005343672,-0.002517176,-0.002290692,0.00462493,0.008097631,-0.00518058,-0.00414879,0.012378774,0.015453127,Negative
31.62988438,36.75905482,72.6632479,63.25976876,15.38751132,64.1146305,23.08126698,32.48474612,11.96806436,53.00142788,65.82435398,98.3091001,10.25834088,40.17850178,24.79099046,93.17992966,34.1944696,5.12917044,36.75905482,46.16253396,0.001166113,0.004403195,-0.000584111,0.002407509,0.000270802,0.003545915,0.000398458,0.00228923,0.002227302,0.005573131,1.73E-06,0.004140358,0.001356279,0.003228575,0.002438829,0.004941991,-0.001326508,0.001978453,0.003155355,0.006204694,0.000480716,0.003487166,0.000740051,0.002295476,0.001289276,0.004430424,0.0028454,0.00377099,0.000783255,0.003825981,-0.000347124,0.001551584,-0.00048939,0.002875108,0.003172976,0.006338783,0.001208656,0.002035805,0.002408288,0.004130181,-0.001395731,0.00130679,0.000316104,0.002634044,7.00E-05,0.002323112,0.00321093,0.005578051,0.001901271,0.003705068,0.001103777,0.002422637,0.00262153,0.006065012,0.002024544,0.004465329,0.001151288,0.004939915,0.001323944,0.004719712,Positive
70.98094919,24.99329197,50.98631562,42.98846219,15.99570686,84.97719269,32.9911454,93.9747778,4.998658394,95.97424116,52.98577897,18.9949019,28.99221868,35.99034043,89.97585109,199.9463357,431.8840852,24.99329197,28.99221868,104.9718263,0.002720763,0.001749266,-0.000474876,-0.002776123,-0.00250298,-0.00267206,-0.003783205,-0.002199035,-7.10E-05,-0.001325678,-0.000321102,-0.001562095,0.002262275,0.001276594,-0.000293132,0.001541109,0.001628979,0.000147812,0.001474311,-0.003652473,0.001885234,0.003662875,0.00379438,0.001213412,0.001847675,0.001536574,-0.000817264,0.001867817,0.000286618,-0.002029462,0.000301346,-0.000345144,0.001431019,0.000580226,0.000494592,-0.000872615,-0.00408942,-0.002410889,0.002195849,0.003033172,0.000672979,-0.000776632,0.002329229,0.001171716,0.002104942,-7.94E-05,0.000354106,-0.002057395,0.002026063,0.003395739,-0.003041997,-0.001467182,9.14E-05,-0.001652839,-0.000810836,-0.000512391,-0.000784352,-0.001658585,-0.000778651,-0.002990927,Positive
15.84803704,6.933516206,2.971506945,10.89552547,0,3.96200926,6.933516206,16.83853936,0.990502315,10.89552547,6.933516206,7.924018521,2.971506945,3.96200926,3.96200926,11.88602778,11.88602778,0,3.96200926,15.84803704,-0.00120761,0.001349555,-0.00429418,-0.003097194,-0.006181961,-0.004788156,0.003714005,0.004443773,-0.007090514,-0.003590326,-0.002217081,-0.002192749,-0.000523602,0.000436604,0.004302963,0.003174364,-0.004556333,-0.001925155,-0.000226818,-0.002692864,0.004081805,0.005080309,0.010303764,0.004990659,-0.006144129,-0.00485965,0.001749124,-0.001135376,0.000962186,0.004685804,0.002134068,0.007254079,0.001191267,0.003475105,0.002163556,0.00125022,-0.008258752,-0.00485564,-0.001127951,0.0015192,-0.003923652,-0.001711816,0.006936364,0.006966012,0.006972828,0.004426576,0.004460127,-0.001184832,-0.000276722,-0.000780184,0.001163667,0.002922022,-0.004991046,-0.000876573,-0.002173956,0.001959495,-0.001510869,0.000420214,-0.002390719,-0.004205619,Negative
14.52383924,21.30163089,9.682559494,17.42860709,0.968255949,8.714303545,4.841279747,23.23814279,9.682559494,15.49209519,24.20639873,26.14291063,2.904767848,8.714303545,11.61907139,7.746047595,13.55558329,0.968255949,8.714303545,22.26988684,-0.006177152,-0.000932793,0.004469183,0.005866338,0.002614546,0.002850291,-0.002127835,-0.000486936,-0.005491047,-0.003377599,-0.006292635,-0.002480534,-0.008360319,-0.004513962,0.000886092,0.003488948,0.004967755,0.008114364,0.004754382,0.005714866,-0.000931272,0.004480756,0.001982824,0.001960262,0.000938967,0.003467145,-0.00654134,-0.006377869,0.000885379,0.001826914,-0.00560488,-0.000354287,-0.004504742,-0.001444572,0.00390199,0.006454777,0.000930414,0.001246211,0.006047602,0.006031793,0.003318628,0.002011314,-0.001067377,-0.000465741,-0.00052974,0.001256705,-6.80E-05,-0.000824871,-0.001634747,0.001389436,-0.003199664,0.000269466,-0.005443535,-0.001326766,-0.001963231,0.005089949,0.00646331,0.004137557,0.002627879,0.0038215,Negative
16.77071208,3.946049901,15.7841996,8.878612277,0.986512475,5.919074851,28.60886178,13.81117465,2.959537426,9.865124752,15.7841996,10.85163723,0.986512475,7.892099802,23.67629941,23.67629941,4.932562376,1.97302495,8.878612277,5.919074851,-0.002627821,-0.005900518,-0.003861359,-0.003654978,0.00223487,-0.000786179,0.00490454,0.00285057,-0.002711763,0.000575074,0.001727837,0.000453013,0.002381564,-0.000696704,0.004255443,0.003106711,4.48E-05,0.000764882,0.002943064,0.001405307,-0.001411611,0.000744437,-0.000600773,-0.001254522,0.001516878,-0.000332829,0.004942549,0.004781967,-0.003109753,-0.002125942,0.00194437,0.003534547,0.002986011,-0.002493082,-0.004446274,-0.002916995,0.002010837,0.002464645,0.00488666,0.004971247,0.003777435,0.00194032,-0.005162763,-0.004650697,-0.003259373,0.001455303,-0.003642502,-0.002091394,0.001485114,0.005777129,-0.009120564,-0.006948503,0.002159871,0.000219268,0.000266948,0.000594667,0.004704394,0.005434785,-0.002014295,-0.000938292,Negative
21.9456621,12.96789124,51.87156497,23.94072229,0.997530096,10.97283105,42.89379411,19.95060191,15.96048153,28.92837277,47.88144459,25.93578248,13.96542134,11.97036115,42.89379411,84.79005812,32.91849315,3.990120382,13.96542134,12.96789124,0.004583361,0.002096415,-0.002404492,-0.002582048,0.001878994,0.001106248,0.000674592,2.76E-06,-0.000178353,0.000753459,-0.002152107,0.000423569,0.001356549,-0.000196376,-0.002918493,-0.002052525,-0.002015778,-0.001889556,0.001685511,0.000818271,0.001088424,-0.000272921,-0.00028226,0.000150748,-0.000656732,0.000318621,-0.002177749,-0.00210215,0.000693831,0.001921799,-0.001870348,-0.001745535,-0.002743453,-0.002062482,0.001272445,0.000613459,-0.002811607,-0.001361676,0.001879541,0.000804584,0.000959728,0.000772914,0.000600215,0.00074868,-0.000885987,-0.001495824,0.001340744,0.001820536,0.003207665,0.003302594,-0.002368048,-0.001844959,-0.002083139,-0.000729917,0.000809198,-0.000523426,0.001688329,0.000890465,0.00273313,0.003880464,Negative
15.19876668,29.44761044,18.04853543,20.89830418,7.599383339,24.69799585,20.89830418,23.74807294,12.34899793,28.49768752,45.59630004,15.19876668,8.549306257,21.8482271,17.09861251,30.39753336,23.74807294,7.599383339,13.29892084,28.49768752,0.00631314,0.002670711,-0.000467217,0.000721655,0.003315642,0.003270304,0.004927724,0.006768547,0.001838334,0.001570599,0.00097682,0.003579645,-0.001787522,0.000876279,-0.001858618,0.000106993,-1.14E-05,0.002489448,0.000369467,0.001662402,0.003489126,0.002394686,0.005207869,0.00373728,0.00525962,0.004739807,0.003424099,0.003801075,-0.00463153,-0.003909498,-0.000779991,0.003183611,0.002721083,0.004844299,-0.000458636,0.002136925,-0.007324308,-0.003970124,-0.00036205,0.001677978,-0.003503765,-0.001796078,0.001623145,0.000493824,-0.003292485,-0.002544739,-0.005872072,-0.001865527,0.001140326,0.001204994,-0.001949795,0.000125749,-0.000909014,-0.000223754,-0.00134094,-0.000959658,0.001856392,0.003745467,-0.000271434,0.001902176,Negative
50.03042857,19.61977591,100.0608571,55.91636134,17.65779832,43.163507,40.22054062,65.7262493,14.71483193,80.44108123,87.3080028,33.35361905,16.67680952,84.36503641,33.35361905,181.4829272,64.7452605,13.73384314,64.7452605,65.7262493,-0.000229526,-0.00050036,0.00070697,-0.001978823,-7.35E-05,-0.000274717,-0.00051189,-0.001771431,-0.001364753,-0.001321848,0.000727302,-0.001751013,-0.001262283,-0.002006881,0.000885006,-0.000593191,0.000297874,-0.000431225,0.00146979,0.000446918,0.001276919,-0.000270043,0.00094043,0.000357866,0.000991705,0.001827832,0.002438181,0.002473494,0.002528477,0.001119464,0.001240118,-0.000127655,6.35E-06,0.000272414,0.000648851,0.000383879,0.000834386,0.000218605,-0.000136527,-0.000730936,0.001033488,-0.000163608,-0.000590802,-0.001766952,0.003050661,0.002103319,0.000344874,0.000632755,0.000915933,0.000849694,0.001105879,0.000613723,0.000980618,0.001227216,0.001731925,0.001894518,7.21E-05,-0.001093792,0.000827191,-0.001513845,Negative
69.95625076,14.7794896,67.00035284,78.82394452,10.83829237,72.91214868,31.52957781,55.17676116,18.72068682,83.75044105,66.01505354,37.44137365,8.867693758,47.29436671,64.04445492,306.4280843,227.6041398,15.7647889,37.44137365,83.75044105,0.00065455,0.00084351,-0.001993357,-0.002046558,-0.001883491,-0.001076974,0.000217124,-7.75E-05,0.000387584,0.001041341,0.000730245,0.001654353,-0.000560267,0.000235683,5.10E-05,-0.000119456,-0.000836033,-0.000225133,0.001385037,0.003436291,0.001252547,0.002198981,-0.001367374,-0.002192466,-0.001226654,-0.000193975,-0.001082644,-0.000716176,0.001751424,0.001417455,0.002578654,0.003972981,-0.000168892,-0.000506798,-0.000358389,0.000190813,-6.59E-06,-0.000265972,0.000593843,0.000756168,0.001988328,0.002562338,0.000232285,0.00078644,-0.001828869,0.000320644,-0.001900616,-0.001420274,0.000224307,0.000509582,0.001479914,0.002591812,0.001987648,0.001893706,-0.001809629,-0.002071051,-0.001005543,0.000916693,-0.000120055,0.000918237,Positive
36.57370368,9.884784777,16.80413412,19.76956955,2.965435433,15.81565564,8.896306299,30.64283281,2.965435433,21.74652651,19.76956955,21.74652651,5.930870866,12.85022021,12.85022021,23.72348347,19.76956955,2.965435433,9.884784777,38.55066063,-0.005526264,-0.004140007,-0.002249528,-0.002255666,-9.26E-05,-0.000762149,0.000912224,-0.001156161,-0.001551897,-0.003231231,-0.003119162,-0.000285147,0.007604384,0.005049114,-0.001283065,-0.000307118,0.003753996,0.003922368,-0.001996831,-0.00094244,0.002776601,0.00271048,0.000467624,0.000757905,-0.001045459,-0.002100139,0.003753437,0.000243023,-0.000704592,-0.001818324,0.003056199,0.002546886,-0.001148283,0.00047749,-0.000406468,0.001918431,-0.000701206,-0.001886593,-1.96E-05,0.00210705,0.000891002,0.002007843,-0.004021391,-0.00462446,-0.001182366,-0.001427202,-0.00199471,-0.003083065,0.004652692,0.004351387,0.00071552,-0.000265434,0.000530244,0.002245592,0.000576196,0.002965324,0.00269978,6.87E-05,0.003177626,-8.91E-05,Negative
62.21383707,18.76290324,59.2512734,54.31366728,9.875212233,57.27623095,33.57572159,68.13896441,11.85025468,64.18887951,48.38853994,26.66307303,8.88769101,30.61315792,86.90186765,185.65399,273.5433788,16.7878608,39.50084893,87.88938887,0.00060537,0.000275541,-0.002143811,-0.001301033,-0.001876069,-0.000127105,0.001104095,0.000618184,0.001542917,0.001568145,-0.000262343,-0.000166867,-0.00045839,0.000854358,-0.001031149,2.95E-05,0.000384738,4.20E-05,0.002907863,0.002060152,0.001796245,0.001387329,-0.001585437,-0.002829146,-0.001556931,-0.00083648,-0.001577686,-0.000885241,0.002124548,0.000837111,0.003315843,0.003480438,-0.001534361,-0.001521233,-0.000349285,0.000773434,-0.000872558,-0.000855765,0.002711097,0.001935506,0.002130564,0.000902206,4.81E-05,-0.000712572,-0.002444262,-0.001034103,-0.001494515,-0.00224956,0.00064371,0.00157689,0.000864715,0.001644703,0.000652805,0.001556271,-0.000533886,0.000778781,-0.001316589,0.000333987,0.001358894,0.001189138,Positive
58.55614054,24.39839189,35.13368432,38.06149135,5.855614054,32.2058773,44.89304108,56.60426919,19.51871351,21.47058486,70.26736865,42.94116973,15.61497081,25.37432757,29.27807027,54.65239784,44.89304108,7.807485405,25.37432757,35.13368432,0.000627587,0.0009998,-0.001462797,-0.001192439,0.001246569,0.001180154,-0.00041994,0.000804779,-0.000674361,0.000898969,0.000747799,0.001302996,0.002411944,0.003568925,0.001111454,0.004342209,-0.00037478,0.000187569,9.07E-05,-0.000252891,0.002127194,0.001338539,0.003759703,0.004988282,0.001647203,0.000265413,0.000749815,0.000692072,-0.000368961,0.001396761,0.001439715,0.001709506,-0.000814811,-0.001810529,-0.000427413,0.002464343,-0.002898158,-0.001048734,0.000362741,-0.000130381,-0.000596765,0.000978637,-0.002927771,-0.000898008,0.001736111,0.002785641,0.002760744,0.001591249,-0.000953034,0.000174984,-0.000128319,0.000255924,-0.000429615,-0.000564966,-0.003228157,-0.001340434,-0.00106484,0.001170978,-0.003127103,-0.002717519,Negative
12.31961101,9.581919678,14.37287952,8.897496844,4.106537005,24.63922203,17.79499369,6.844228342,5.475382673,7.528651176,23.9547992,26.0080677,4.790959839,4.790959839,6.844228342,16.42614802,10.95076535,0.684422834,7.528651176,8.21307401,0.004132887,0.00543328,0.00632309,0.007433182,0.004747514,0.007909978,0.007134386,0.009669378,0.003896063,0.005426574,0.002858742,0.005180762,0.008163383,0.009316042,0.003998616,0.006741402,0.005913631,0.007152241,0.005931225,0.00877816,0.006522382,0.010806651,0.003039414,0.003974861,0.001746746,0.004800011,0.00229325,0.003935535,0.004581237,0.006203985,0.005597866,0.006854144,0.003301121,0.003122646,0.002217514,0.006478322,0.002554355,0.007845585,0.00049029,0.005836708,0.004797625,0.007245935,0.005875504,0.008304721,-0.000133558,0.002796823,0.002372659,0.003683903,0.007520465,0.008812952,0.004797435,0.006312279,0.000398621,0.002703491,0.004191675,0.007588182,0.002730477,0.007280375,0.003574474,0.006379966,Negative
29.34509582,30.35699567,24.28559654,97.14238615,7.08329899,52.6187925,17.20229755,80.95198846,24.28559654,103.2137853,28.33319596,9.107098701,1.011899856,54.64259221,117.3803833,93.09478672,407.7956418,25.29749639,28.33319596,74.88058932,-0.003960926,-0.003582745,-4.51E-05,0.004554563,-0.00031927,-0.002929538,0.002592548,0.000715668,0.001174201,-5.52E-05,-0.003775202,-0.006610809,0.002061968,0.005374531,0.002447106,0.000387741,0.003698291,0.005784116,-0.004523014,-0.003413434,0.004510971,0.003893627,0.002513802,-0.001160914,-0.000990091,-0.000974828,-0.002037793,-0.003002936,-0.002794616,-0.00528479,0.001360902,0.001656993,-0.001888425,-0.005378084,0.004185739,0.003970744,-0.001748458,-0.004517066,0.000981512,0.000527876,-0.002885061,-0.004441029,-0.002063584,-0.004878425,0.001029939,0.00151249,-0.000236527,-0.003356778,0.0035976,0.003189374,-0.004178872,-0.002959651,0.003663972,0.004579054,0.001424541,-0.000805901,0.000495801,0.002889688,9.73E-06,-0.001885872,Positive
22.3217255,1.941019609,2.911529414,9.705098045,0,11.64611765,11.64611765,23.29223531,3.882039218,8.734588241,13.58713726,13.58713726,5.823058827,11.64611765,10.67560785,10.67560785,11.64611765,3.882039218,8.734588241,11.64611765,7.29E-05,-0.000601789,-0.002746587,-0.005441726,0.001781091,0.000371956,0.00205228,0.004943743,-0.002283387,-0.004774945,-0.000643118,0.000362685,0.005301388,0.002713414,0.002672796,0.001926522,-0.000324017,0.002752837,-0.000983462,-0.003388398,0.002253518,0.00069374,-0.000117882,-0.002564193,-0.002360993,-0.001336762,0.005374783,0.002279847,0.003026058,0.003417605,-0.0016302,-0.00114938,0.00300445,0.003775022,-0.000641695,-0.002870834,-0.0037951,-0.005588085,-0.0016009,-0.002279021,0.00452163,0.004505009,-0.001602796,-0.003487381,-0.001002458,-0.000936002,0.001497192,0.003655894,0.00313336,0.004951897,0.002743291,0.002839129,0.000656048,-0.000525703,0.003699944,0.000106025,0.001977612,0.002487045,-0.000384092,-0.000999561,Negative
16.96420145,6.361575542,16.96420145,19.08472663,0,10.6026259,8.482100723,13.78341367,5.301312952,14.84367626,23.32577699,15.90393885,4.241050361,8.482100723,16.96420145,20.14498922,18.02446404,2.120525181,5.301312952,25.44630217,0.00377361,0.005521429,-0.00035884,0.000416254,0.002216917,0.00385416,-0.006709472,-0.000756605,0.00028185,-6.29E-05,0.002365784,0.002738775,0.000919842,0.004762329,-0.002084444,-0.002115715,-0.002458675,-0.003572231,0.000481889,-0.001086885,-0.001412487,0.000795869,-0.000734467,-0.001525238,-0.002499805,-0.003457712,0.002388515,0.002306145,0.001321109,-0.000811073,-0.006204264,-0.006871467,-0.004801358,-0.003151847,-0.009396531,-0.003284166,-0.006693258,-0.006476765,0.003780336,-0.002664438,0.001173866,0.001520518,-0.000372061,0.000686059,-0.001698097,-0.001679947,-8.54E-05,-0.000120571,0.003296244,0.003327842,-0.00203216,-0.002227394,-0.001312395,-0.005036038,-0.00532429,0.00018559,-0.007417346,-0.001031668,0.000115817,-0.000965278,Negative
25.37758167,21.31716861,13.19634247,13.19634247,6.090619602,23.34737514,12.1812392,13.19634247,10.15103267,16.24165227,34.51351108,10.15103267,7.105722869,6.090619602,17.25675554,31.46820128,20.30206534,1.015103267,5.075516335,26.39268494,-7.28E-05,-0.000519891,-0.008105265,-0.005340566,0.000262659,0.004310043,-0.000458029,0.002180823,-0.002141438,0.000645513,-0.002596327,0.001015186,-0.002988194,-0.000639629,0.003473105,0.000731359,-0.001718671,-0.000881215,-0.004453371,-2.38E-05,-0.003089091,-0.000839629,1.40E-05,0.000182252,-0.002355983,0.000188383,-0.002098492,-0.001026566,-0.000903207,0.000447425,0.005252724,0.002139471,-0.001284445,0.001840467,0.001568713,0.000555675,0.001723895,0.00116341,0.001993562,0.00296579,-0.001302378,-0.001169985,0.000688154,0.004430834,-0.002480149,-0.000256584,-0.001689023,-0.001734563,0.001171925,0.003360784,-0.003403127,0.000478391,0.002345973,0.002280607,-0.003284687,-0.002637673,-0.002410358,-0.000803367,-0.000542074,0.000736103,Negative
8.459860033,2.114965008,8.459860033,3.524941681,2.114965008,4.934918353,2.819953344,2.819953344,2.114965008,3.524941681,11.27981338,3.524941681,2.114965008,4.229930017,2.819953344,10.57482504,7.049883361,2.819953344,1.409976672,6.344895025,0.00675891,0.007356085,0.008640503,0.003264992,0.00779844,0.006016803,0.010915447,0.007933901,0.008501017,0.006505237,0.008349675,0.004273918,0.009000437,0.006015147,0.005473857,0.003178581,0.005446471,0.002914184,0.005741958,0.000937323,0.006166241,0.003357313,0.007192529,0.00576996,0.007508204,0.006255438,0.007827498,0.004120901,0.006416491,0.004316655,0.008964287,0.00818214,0.003112133,0.003293981,0.006316671,0.0031446,0.008401899,0.006302523,0.007185188,0.006930531,0.005372645,0.003657721,0.00259921,0.001207006,0.002926294,0.001597995,0.002804216,0.003086247,0.004303521,0.001120144,0.006352251,0.001784389,0.000861889,-0.000238236,0.003798595,0.002227789,0.004471693,0.00168269,0.000662509,-0.001054975,Negative
8.118464927,10.8246199,25.25744644,21.6492398,0.902051659,21.6492398,31.57180805,9.020516585,2.706154976,20.74718815,30.66975639,27.96360141,4.510258293,10.8246199,12.62872322,18.94308483,21.6492398,3.608206634,15.33487819,13.53077488,-0.002310284,-0.001271128,-0.001252205,-0.001100295,0.000456423,0.000490225,0.004116957,0.003733104,0.001786743,0.004701157,-0.001808455,-0.001143412,0.002650173,0.003418356,0.002850858,0.002785227,-0.000921403,0.000734948,0.003768888,0.004119473,0.001752559,0.001047643,0.001907681,0.003582155,0.004250592,0.004443733,0.000853846,0.002703296,0.003692524,0.001123673,0.00101706,0.001298452,0.000119712,0.002045755,-0.000741445,-0.001245409,0.001950711,0.005582298,-0.001272186,-0.000165398,0.003777822,-0.000972049,-0.00022283,0.002900253,0.004243651,0.005661227,0.003654669,0.004966212,-0.000561437,-0.0006081,0.001187626,0.002542046,-0.00025494,0.003525486,-0.000293382,0.001606856,0.00527441,0.003815499,-0.002303272,0.000255994,Negative
18.51677885,19.49134616,10.72024039,20.46591347,2.923701924,28.26245193,6.821971155,32.16072116,12.669375,27.28788462,17.54221154,21.44048077,4.872836539,17.54221154,12.669375,22.41504808,14.61850962,8.771105771,8.771105771,26.31331731,-0.003034035,-0.001674959,0.001001765,-0.000899134,-0.001609232,-0.000531308,-0.004412062,-0.003189343,0.00059375,0.00357519,0.002424989,0.00531775,0.00233104,0.001423699,-0.006639234,-0.001957522,0.00062993,0.000484884,-0.001563034,0.001738072,0.001924127,0.00093505,-0.004745729,-0.004412801,0.003091011,0.001990961,-0.0003757,-0.000632416,0.002811051,0.003942317,0.000964792,0.002647007,-0.002526585,-0.000436082,0.00144696,-0.000134503,0.004549914,0.00798359,0.002247985,0.002425368,-0.005202702,-0.002028255,0.000833465,0.002478763,-0.005493003,-0.001328042,0.003455803,0.006659106,-0.003405833,0.000722704,-0.00104745,-2.52E-05,0.001979816,0.000871115,-0.000167829,-0.001623323,0.000874582,0.007444557,0.00061145,0.002115418,Negative
19.8654514,20.85872397,9.932725699,19.8654514,5.959635419,25.82508682,15.89236112,28.80490453,5.959635419,24.83181425,30.79144967,23.83854168,13.90581598,20.85872397,20.85872397,15.89236112,10.92599827,7.946180559,9.932725699,26.81835939,-0.004443152,-0.005922701,-0.006277565,-0.002468844,0.004290518,0.001229818,0.002808018,0.001973048,-0.004904048,-0.002986671,0.000895775,-0.001878288,0.004088965,0.005474226,0.005451733,0.006868753,-0.003801421,-0.005654819,-0.001678764,-0.000253481,0.001102467,-0.001201764,0.002994392,0.004185235,-0.00217441,-0.00131073,-0.001830135,0.000392388,0.000124453,-1.73E-05,0.002633198,0.001369293,0.000227957,4.09E-05,0.000548767,-6.73E-05,-0.004175586,-0.000721737,0.000165926,0.000843921,-0.000540788,-0.00105592,0.001230662,0.00026534,-0.003044777,-0.004251496,0.006286586,0.008472551,-0.002078219,-0.001042669,0.002353802,0.00221276,0.001935144,0.002770986,-0.001836883,0.000560994,-0.003273347,-0.001703862,0.003508164,1.73E-05,Negative
55.7916936,10.06079721,16.4631227,9.146179279,5.487707567,8.231561351,6.402325495,21.03621234,1.829235856,29.26777369,42.07242468,8.231561351,1.829235856,4.573089639,59.45016531,65.85249081,64.93787288,3.658471712,0,21.95083027,4.35E-05,-0.001088411,0.001703511,0.000110919,0.001779365,0.00031372,0.008083092,0.003976733,0.000266092,-0.001275942,0.004573821,0.001635524,0.002369493,0.0010952,0.005997162,0.002137641,0.000733868,-0.002209424,0.003086349,0.001034459,-0.00011517,-0.000714709,0.004002931,0.002434457,-0.001030439,-0.001681067,0.005371135,0.003354333,0.001836892,-0.000186894,0.003830108,0.001349488,-0.000915932,-0.001632116,0.006604903,0.003382563,0.000163701,-0.001272642,0.003939001,0.002234432,-0.000468373,-0.001709144,0.006381918,0.001734107,-0.000280153,-0.001623632,0.003031768,0.001477623,-0.001742088,-0.002724469,0.006551273,0.002560661,5.41E-05,-0.000792259,0.002616009,0.001284936,-0.000566294,-0.000492223,0.003829236,0.000937465,Positive
12.99674693,2.999249291,6.998248345,10.9972474,4.998748818,7.997998109,8.997747872,10.9972474,0.999749764,8.997747872,22.99424456,12.99674693,1.999499527,5.998498581,14.99624645,10.9972474,11.99699716,0,3.998999054,11.99699716,-0.008906613,-0.008722358,0.002323866,0.000890147,-0.000918454,0.001146331,-0.00125621,-0.001683165,-0.002591422,-0.001747613,0.002949087,0.000916138,0.004647307,0.003533313,-0.00083304,0.000610598,-0.002620727,-0.001475056,-0.001517245,-0.003364879,0.002284256,0.002501187,-0.002081306,-0.000746486,0.002927786,0.0054034,-0.003691954,-0.003272167,0.002160207,0.001858547,-0.002374695,-0.002288409,0.003371036,0.002952382,-0.003460875,-0.001842809,-0.003015725,-0.004536839,-0.000124949,0.002723714,-0.001725264,-0.000913729,0.006417501,0.00295273,0.003731677,0.005945044,0.001913911,0.000207906,-0.001819245,-0.000154474,0.006917472,0.006067632,-0.008391315,-0.00634307,-0.000139484,0.001848799,-0.001354131,-0.002426095,0.001336459,0.006051605,Negative
11.99956395,9.230433807,20.30695438,18.46086761,5.538260284,13.84565071,3.692173523,20.30695438,3.692173523,8.307390427,20.30695438,17.53782423,6.461303665,9.230433807,6.461303665,26.76825804,18.46086761,4.615216904,8.307390427,21.22999776,0.004694471,0.003445045,0.002962349,0.00801643,0.00322875,0.004157906,0.003527594,0.00447461,0.008338359,0.010307568,0.003899779,0.00046093,0.002532608,0.005900753,0.002285367,0.003797915,0.000919948,-0.000130228,0.00339309,0.004729404,-0.003505668,-0.00081508,-0.000946198,0.001400944,-0.005283485,-0.001377213,0.001493177,0.00403705,0.001349326,0.006192734,-0.002004752,-0.003220837,-0.002631255,-0.000469625,-0.000388091,-0.001261082,-0.00200512,-0.002311627,-0.003285313,0.00036177,-0.004787857,-0.001484529,-0.000453216,0.00389697,-0.000692932,-2.97E-05,1.86E-05,0.00095339,-0.002804813,0.000779036,0.000155939,0.001954531,-0.000741072,0.002973582,-0.002383126,-0.000110017,0.006678477,0.00676689,-0.000543882,0.000538058,Negative
71.26997104,2.545356108,76.36068325,41.57414977,0,39.8772457,24.60510905,55.14938235,2.545356108,12.72678054,26.30201312,76.36068325,1.696904072,52.60402624,35.63498552,101.8142443,59.39164253,1.696904072,3.393808145,12.72678054,0.004934213,0.008100024,0.003692484,0.009702271,0.002609409,0.007358936,0.005915381,0.009127186,-0.002899801,0.001649545,-0.002381012,0.001528741,-0.000849548,0.004004456,-0.003894708,2.21E-05,-0.007374919,-0.00353669,-0.003349274,-0.000216108,-0.000829668,0.002524513,-0.002837357,0.00164701,-0.002063411,0.002276954,0.00014987,0.003289083,0.004449894,0.008369901,-0.000936975,0.005334936,0.005037761,0.010830748,0.003624356,0.009007245,0.010978077,0.016884781,0.004809614,0.00920947,0.006059236,0.012115635,0.000683274,0.006635445,0.001601782,0.006659977,-5.59E-08,0.00242224,0.000621103,0.003271398,-0.003913223,0.000944571,-0.001578496,0.002173934,-0.003805349,-6.94E-05,-0.005014025,-0.002473721,-0.002082125,0.001396234,Negative
22.15773989,0,10.59717995,5.780279972,0.963379995,9.633799953,8.670419957,15.41407992,0.963379995,6.743659967,11.56055994,11.56055994,1.926759991,2.890139986,5.780279972,50.09575975,50.09575975,3.853519981,5.780279972,20.2309799,0.004145934,0.00553662,0.002328639,0.002086937,0.001863445,0.001819934,0.002440403,0.003333935,-0.001220956,2.25E-05,0.003480027,0.002678094,0.004363091,0.002456235,0.001254322,0.000138426,-0.000569469,-0.002071643,0.001367825,0.002246811,0.000543511,0.003355943,0.001436271,0.00205957,0.001026246,0.000394474,0.001780862,0.001531411,0.001155858,0.002127824,0.001119323,0.000149729,0.000719042,0.002260413,0.001426745,0.001510712,0.001796864,0.001858618,-0.001667428,-0.000442789,0.000347296,-0.000501241,-0.00108613,-0.002730212,-0.000148822,-0.001539528,-0.006753573,-0.00389749,-0.000319625,-0.000574445,-0.00128224,-0.002912619,-0.000257368,-0.000204855,-0.002277583,-0.000510203,0.001913181,0.000403854,-0.001494006,-0.001398666,Negative
10.50988942,14.01318589,14.01318589,20.14395471,0.875824118,27.15054766,7.882417061,7.882417061,2.627472354,13.13736177,27.15054766,25.39889942,3.503296472,12.26153765,6.130768826,14.88901,8.758241179,7.882417061,8.758241179,10.50988942,0.001509137,0.007025827,-0.004139157,-0.002391256,0.008039195,0.01504257,0.004102164,0.010237841,0.003937317,0.012067691,0.000667169,0.003789706,0.001706512,0.006491065,0.002496187,0.009855545,-0.002620707,0.003554159,-0.002197779,0.003242864,0.001168363,0.003599881,0.006512397,0.01033198,-0.000930969,0.003430444,-0.009270751,-0.002125155,0.000223851,0.00242485,-0.004994793,0.001533872,0.002682235,0.002324266,-0.003004799,-0.000283856,-0.004763571,-0.002518481,0.006572621,0.006282538,-0.001772719,0.0048058,-0.003739593,0.000929804,0.001900287,0.000939242,0.005503305,0.00409342,0.001504577,0.005098977,-0.005100454,-0.003102693,-0.001494463,0.001627231,0.004731352,0.006063968,0.002603585,0.004111832,-0.005177271,-0.000961282,Negative
7.463289261,11.53417431,23.74682947,41.38733136,4.070885052,31.88859957,8.141770103,14.24809768,4.749365893,14.92657852,21.0329061,21.71138694,10.85569347,12.21265515,10.17721263,24.42531031,15.60505936,2.035442526,7.463289261,11.53417431,0.004443244,0.011789142,0.000824848,0.007474866,0.005070552,0.010432163,0.00079208,0.006270742,0.001428323,0.007671302,0.003151852,0.009355242,0.003191588,0.007794926,0.002749541,0.008505205,0.002894376,0.007031659,0.004305343,0.009688853,0.001186583,0.009392965,0.001950539,0.008126635,0.00392541,0.010782785,0.001579301,0.007101032,0.001016882,0.005116488,0.004691052,0.00979701,1.04E-05,0.006762422,0.001253946,0.007537442,0.003739887,0.007945864,0.001423223,0.008345448,0.000759724,0.006242009,0.005016509,0.009438152,0.001799942,0.007553605,0.003770679,0.008728397,0.005194326,0.011089468,0.005063768,0.008915368,0.000852946,0.005101079,0.003112322,0.009251202,0.002084724,0.00712171,-0.001881101,0.005753198,Negative
61.36010763,1.947939925,11.68763955,12.66160951,4.869849812,23.3752791,8.765729662,10.71366959,0.973969962,15.5835194,18.50542929,9.739699624,7.791759699,2.921909887,17.53145932,145.1215244,50.64643805,0.973969962,10.71366959,58.43819775,0.002420748,-0.000815649,-0.001370647,-0.001984785,-0.001304753,-0.000291371,-0.000183213,-0.001785856,0.000708422,0.000887917,0.000308604,-0.002471558,0.004556707,0.002905884,0.001418876,0.00123558,9.50E-05,0.000172802,-0.002189689,-0.002374221,0.001683391,-0.000372109,0.005440668,0.005122289,-4.86E-06,-0.001542222,-8.46E-07,-0.001309797,-0.000175411,0.000770416,0.002924605,0.001734508,0.001021484,0.000713934,0.000391416,-0.00170907,0.001118085,0.000995783,0.001654456,0.000569319,-0.001476463,-0.000635611,-0.001409085,-0.002000885,0.00262314,0.001056963,0.004739091,0.003930817,0.000538901,-0.00082696,-0.001472897,-0.00150777,0.000487328,0.00099803,0.001964274,0.000489896,-2.70E-05,-0.001204443,0.001534807,-0.000736918,Negative
72.59964073,3.871980839,14.51992815,21.29589461,17.42391378,63.88768384,12.58393773,107.4474683,1.935990419,23.23188503,14.51992815,18.39190899,3.871980839,9.679952097,146.1672767,209.0869653,352.3502563,0.96799521,42.59178923,73.56763594,0.001269296,-0.000525995,-3.32E-06,-0.000155189,0.00166462,0.001077442,0.000231751,0.000800388,0.000342995,-0.000628248,0.00081474,0.001079624,-0.000133228,-0.000407033,0.000639245,-0.000220595,0.001358444,0.001830651,-0.000892093,-0.000883074,-0.001244355,-0.001269136,0.002347811,0.004841633,0.000648801,-0.000442196,-0.000123994,-0.000595469,0.000898367,0.001808311,0.000464122,0.000262481,0.000814386,0.000948786,0.00049492,0.001113126,-0.000472015,-0.000296455,0.000760239,7.23E-05,0.002113247,0.003238066,-5.64E-05,-0.000347941,-0.000179642,-0.000274136,0.001730479,0.00293338,-2.85E-05,-0.000885723,0.000316627,-0.000595756,0.000922031,0.002044612,0.000321091,-0.00069452,0.000104165,-0.000180793,0.001510832,0.00172155,Positive
35.42079942,18.6943108,18.6943108,27.54951066,5.90346657,13.77475533,14.75866642,36.40471051,11.80693314,25.58168847,35.42079942,21.64604409,3.93564438,13.77475533,18.6943108,34.43688832,16.72648861,13.77475533,15.74257752,26.56559956,-0.001183488,-0.001207162,-0.004741906,-0.005565849,-0.00141291,0.000677199,0.003761945,0.002036917,0.003536108,0.002568206,-0.001516137,-0.001016548,-0.000380455,-0.001590997,0.00032257,0.001566657,0.004663175,0.00351519,-0.002811746,-0.001388084,0.000843515,-0.001256588,0.00476909,0.004643591,0.000739894,0.003612276,0.000955424,0.001989364,-0.000536209,-0.000236923,-0.000415606,-0.002209995,0.004083606,0.004294151,-0.0007718,0.000413549,-0.006400171,-0.005251711,-0.000830005,-0.002854357,0.002257659,0.000464432,-0.003447181,-0.000661062,0.000437773,0.001031217,-0.00040914,0.003045532,0.000840407,-1.85E-05,-0.001360737,-0.000256,0.000973009,0.002179684,0.003522386,0.000886464,0.001000087,0.003146463,-0.001490588,-0.001466792,Positive
17.9490459,9.971692164,29.91507649,23.93206119,5.983015299,24.92923041,16.95187668,23.93206119,9.971692164,32.90658414,29.91507649,25.92639963,4.985846082,22.93489198,18.94621511,29.91507649,32.90658414,7.977353731,16.95187668,20.94055354,0.001956711,-0.000549492,-0.002157934,-0.002281734,-0.006409953,-0.00589531,-0.002010449,-0.001478968,0.001013594,0.001600092,-0.00207649,-0.000400053,-0.001050179,-0.000173751,-0.002883031,-0.002160154,0.002653973,0.000419059,-0.00080261,0.000412862,0.001015378,0.005414618,-0.000403545,0.00093213,-0.000961264,-0.001220012,0.00053159,0.000291424,-0.00250502,-0.001954325,-0.002265362,-0.002459958,0.001408577,0.002626703,0.003178891,0.001947488,0.003806644,0.00272965,-0.002016123,-0.003125598,-0.001383948,0.000215136,-0.001242705,-0.000702781,0.005516038,0.00290254,-0.000377214,-0.001129643,-0.001594566,-0.003640653,-0.000160604,0.000505838,0.002249265,0.003810326,-8.47E-05,0.002125617,0.002459356,0.005416437,0.001858462,0.001390527,Negative
8.898956543,16.01812178,10.67874785,9.788852198,0,14.23833047,6.22926958,15.12822612,2.669686963,16.01812178,18.68780874,34.70593052,4.449478272,10.67874785,11.56864351,14.23833047,9.788852198,3.559582617,9.788852198,12.45853916,-0.000984397,0.000651212,-0.006814994,-0.001826216,0.0010059,0.00275947,-0.000352061,0.00169711,0.00539628,0.00726399,-0.00139694,-0.000168144,-0.000930342,0.000313406,-0.001282217,0.003757652,0.00400704,0.010082909,0.004559096,0.00151827,-0.005190082,-0.000835762,-0.000274309,0.004734737,-0.002982625,0.000253113,0.000113995,0.000888346,-0.001055111,0.000496141,0.00356284,0.004157211,0.002684234,0.006485445,-0.000655658,0.004020613,0.004948931,0.0068958,-0.002631461,0.003958146,0.002976579,0.005082296,0.013044741,0.009711216,-0.00184215,0.001104459,-0.001590663,0.0029453,0.001650582,0.005425823,0.007225416,0.010779624,-0.003489508,-0.001244318,0.003916377,0.004222274,-0.003640648,-0.003014371,-0.002227165,0.000236914,Negative
27.28389638,12.12617617,20.21029361,17.17874957,8.084117445,16.16823489,15.15772021,28.29441106,6.063088084,35.36801382,23.24183765,29.30492574,7.073602764,15.15772021,14.14720553,27.28389638,20.21029361,2.021029361,10.10514681,29.30492574,0.002112845,0.000991251,-0.006081677,-0.00423986,-0.001002104,-0.000377354,0.002236769,0.000611618,-0.000879314,-0.002509209,0.001674252,0.004040463,-0.001458788,0.000842181,0.003104175,0.001519075,-0.0042729,-0.002161525,0.000909556,0.002999299,-0.001566329,0.00034252,-0.00096894,-0.001765249,-0.002560015,-0.001590966,-0.002203624,0.000199632,-0.003916434,-0.00441349,0.001910422,0.001064511,0.001733855,0.002400884,-0.003603125,-0.002656463,-0.003474724,-0.000116568,0.002810033,0.002648011,0.002740314,0.00040167,0.003643215,-0.001016697,-0.002535152,-0.000481221,-0.007710801,-0.004721232,0.004786227,0.001069937,0.001590282,-1.70E-05,0.002799724,0.003239745,-0.000414293,0.001972739,0.004229623,0.002069919,-0.002200082,-0.00229426,Negative
52.68323092,17.89241805,55.6653006,40.75495222,10.93425547,55.6653006,29.82069675,63.6174864,14.91034837,61.62943995,39.760929,24.85058062,8.946209025,28.82667352,79.521858,124.2529031,256.457992,21.86851095,44.73104512,79.521858,0.000905817,0.000199574,-0.001714934,-0.002033323,-0.003000942,-0.001673962,0.000331047,-0.000154685,0.001573571,0.001033955,0.001179552,0.000670122,0.000711269,0.001273217,-0.00239091,-0.000968364,0.000566322,0.000178082,0.003308145,0.003221086,0.002523096,0.002463786,-0.002013892,-0.003077828,-0.001916872,-0.002185368,-0.001655155,-0.001734375,0.001745278,0.000472094,0.003328655,0.002828322,-0.000684994,-0.001644414,0.000517046,0.000815813,-0.000814412,-0.002232156,0.002515873,0.002656021,0.002227683,0.001549842,-0.000668315,-0.001498498,-0.003511574,-0.001304679,-0.002090454,-0.003749473,0.001268458,0.001814578,0.001947701,0.002870828,0.001400579,0.001484976,-0.000974818,-0.000887547,-0.001275793,0.001244471,0.001057513,-4.99E-05,Positive
14.7772341,4.9257447,8.866340459,10.83663834,0.98514894,13.79208516,13.79208516,23.64357456,5.910893639,5.910893639,22.65842562,6.896042579,4.9257447,13.79208516,15.76238304,10.83663834,14.7772341,1.97029788,10.83663834,13.79208516,-0.000212891,-0.001697183,-0.001392625,-0.001040454,0.001072837,0.001242308,0.003899839,-0.000859383,0.000519995,-0.001683176,-0.003062158,-0.005007452,0.001859782,-0.000490175,-0.000552729,-0.001434678,0.001265954,-0.000477626,-0.003638592,-0.003456287,0.003140789,0.004004394,0.001291452,0.000742617,0.003481794,0.001335555,0.004525199,0.004070663,-0.003890257,-0.00630171,0.001071324,0.003349277,0.001555347,0.000557324,-0.001189268,-0.003302068,0.001767536,-0.000292634,0.003564752,0.00478016,0.00299022,0.001456708,0.003347694,0.002260102,0.006768341,0.005648147,-0.003767601,-0.008262841,0.002246329,0.004451746,0.002175524,-0.001475518,8.41E-05,-0.003821251,-0.00073365,-0.000115181,-0.002781084,-0.003185371,-6.68E-05,-0.001486015,Negative
35.2238548,23.48256986,19.56880822,21.52568904,12.71972534,31.31009315,22.50412945,31.31009315,8.805963699,22.50412945,55.77110343,30.33165274,11.74128493,13.69816575,22.50412945,45.00825891,25.43945069,3.913761644,13.69816575,29.35321233,0.003838937,0.004199843,-0.001795589,-0.001498455,-0.00239534,-0.001475425,-0.003714193,-0.000265411,-0.002110674,9.09E-05,0.000164673,0.001153417,0.001456148,0.002964832,0.000805912,0.000995315,0.002582754,0.002032567,0.004683774,0.002673277,-0.002503334,-1.31E-05,-0.002030874,0.000938268,0.000461601,0.001912724,0.001265809,0.002164243,0.002091903,0.003110504,-0.001182773,0.001141467,-0.004377976,-0.003421814,0.000538718,0.001387136,0.001681021,0.00415427,0.004396794,0.005624428,-0.000170729,0.002353764,-0.006338773,-0.00396832,-0.002143812,0.000336075,0.000128028,6.47E-05,0.003645164,0.003126398,-0.000856542,0.000150589,-0.001549592,-0.002027567,0.001181047,0.000988003,-0.002490131,0.000328295,-0.002738985,-0.000184343,Negative
7.297692927,5.675983388,28.37991694,8.108547697,0,2.432564309,16.21709539,7.297692927,5.675983388,3.243419079,8.919402466,21.08222401,1.621709539,7.297692927,30.81248125,38.11017418,13.78453108,0,6.486838157,1.621709539,0.003531243,0.003562454,0.006293961,0.004636704,0.005687665,0.001512533,0.003158067,0.002354763,0.006110392,0.003060932,0.005983846,0.003163222,0.006720682,0.005722838,0.00356459,0.002476879,0.003870826,0.003616049,0.00359965,0.002040756,0.003263688,0.003900349,0.006705373,0.005314085,0.001118275,0.002240184,0.004585009,0.003763456,0.000487693,-0.000137631,0.001155234,0.003294822,0.001097457,0.000611859,0.00318947,0.002410957,0.00236828,0.001536068,0.003240706,0.002003182,0.003755868,0.002701476,0.001636294,0.001869468,0.001474868,0.002282867,0.002974996,0.003411016,0.00062813,0.000884638,0.002492489,0.002827572,0.002812795,0.003174893,0.003044289,0.003348185,0.003769411,0.003077593,0.005980673,0.004181136,Negative
36.57531373,0.892080823,6.244565759,10.70496987,8.028727404,2.676242468,7.136646581,21.40993974,8.920808227,8.920808227,13.38121234,8.028727404,8.028727404,0,42.81987949,12.48913152,36.57531373,4.460404113,0.892080823,34.79115208,0.00350159,-0.000297815,0.007275775,0.002957369,0.00463596,0.000624621,0.006359584,0.002942562,0.001436996,-0.001335582,0.004253849,0.001511238,6.40E-05,-0.003827439,0.004849036,0.002598695,0.000363905,-0.003465438,0.003994441,0.000583928,0.002226419,-0.001044326,0.001821046,0.000140141,0.001462941,7.85E-05,0.003301486,0.000203353,0.000788353,-0.001459124,0.005722561,0.003323814,-0.000122682,-0.001692996,0.004362916,0.001150512,0.003272472,0.000762518,0.004113576,0.001861181,0.001483651,-0.001416967,0.003719789,-0.000532532,0.001858599,-0.001404957,0.00566951,0.002915994,0.002000644,-0.001328111,0.005567981,0.002079381,0.001387198,-7.05E-06,0.0044325,0.001639128,0.003128648,0.001274285,0.004972675,0.00117884,Positive
