prop1.G1.residue0,prop1.G1.residue25,prop1.G1.residue50,prop1.G1.residue75,prop1.G1.residue100,prop1.G2.residue0,prop1.G2.residue25,prop1.G2.residue50,prop1.G2.residue75,prop1.G2.residue100,prop1.G3.residue0,prop1.G3.residue25,prop1.G3.residue50,prop1.G3.residue75,prop1.G3.residue100,prop2.G1.residue0,prop2.G1.residue25,prop2.G1.residue50,prop2.G1.residue75,prop2.G1.residue100,prop2.G2.residue0,prop2.G2.residue25,prop2.G2.residue50,prop2.G2.residue75,prop2.G2.residue100,prop2.G3.residue0,prop2.G3.residue25,prop2.G3.residue50,prop2.G3.residue75,prop2.G3.residue100,prop3.G1.residue0,prop3.G1.residue25,prop3.G1.residue50,prop3.G1.residue75,prop3.G1.residue100,prop3.G2.residue0,prop3.G2.residue25,prop3.G2.residue50,prop3.G2.residue75,prop3.G2.residue100,prop3.G3.residue0,prop3.G3.residue25,prop3.G3.residue50,prop3.G3.residue75,prop3.G3.residue100,prop4.G1.residue0,prop4.G1.residue25,prop4.G1.residue50,prop4.G1.residue75,prop4.G1.residue100,prop4.G2.residue0,prop4.G2.residue25,prop4.G2.residue50,prop4.G2.residue75,prop4.G2.residue100,prop4.G3.residue0,prop4.G3.residue25,prop4.G3.residue50,prop4.G3.residue75,prop4.G3.residue100,prop5.G1.residue0,prop5.G1.residue25,prop5.G1.residue50,prop5.G1.residue75,prop5.G1.residue100,prop5.G2.residue0,prop5.G2.residue25,prop5.G2.residue50,prop5.G2.residue75,prop5.G2.residue100,prop5.G3.residue0,prop5.G3.residue25,prop5.G3.residue50,prop5.G3.residue75,prop5.G3.residue100,prop6.G1.residue0,prop6.G1.residue25,prop6.G1.residue50,prop6.G1.residue75,prop6.G1.residue100,prop6.G2.residue0,prop6.G2.residue25,prop6.G2.residue50,prop6.G2.residue75,prop6.G2.residue100,prop6.G3.residue0,prop6.G3.residue25,prop6.G3.residue50,prop6.G3.residue75,prop6.G3.residue100,prop7.G1.residue0,prop7.G1.residue25,prop7.G1.residue50,prop7.G1.residue75,prop7.G1.residue100,prop7.G2.residue0,prop7.G2.residue25,prop7.G2.residue50,prop7.G2.residue75,prop7.G2.residue100,prop7.G3.residue0,prop7.G3.residue25,prop7.G3.residue50,prop7.G3.residue75,prop7.G3.residue100,Class
0.598802395,15.26946108,36.52694611,66.76646707,100,0.898203593,31.13772455,53.89221557,73.95209581,99.4011976,0.299401198,20.95808383,55.98802395,82.03592814,99.7005988,0.898203593,32.33532934,54.49101796,75.1497006,99.4011976,0.598802395,21.85628743,46.40718563,75.4491018,96.40718563,0.299401198,12.2754491,21.55688623,71.55688623,100,0.299401198,19.16167665,51.79640719,80.23952096,99.7005988,0.898203593,32.03592814,53.29341317,72.45508982,99.4011976,0.598802395,15.26946108,37.1257485,71.85628743,100,2.694610778,32.33532934,54.49101796,74.25149701,99.4011976,0.598802395,22.75449102,47.60479042,77.24550898,97.30538922,0.299401198,12.2754491,21.55688623,71.55688623,100,4.491017964,8.083832335,14.67065868,20.65868263,100,0.299401198,30.23952096,53.59281437,75.4491018,99.7005988,1.497005988,23.05389222,36.52694611,78.14371257,94.31137725,0.299401198,13.77245509,31.13772455,69.76047904,100,1.19760479,30.23952096,54.79041916,76.94610778,99.4011976,0.598802395,36.82634731,55.08982036,77.24550898,99.10179641,2.095808383,24.25149701,50.5988024,76.94610778,99.10179641,0.598802395,15.26946108,36.52694611,66.76646707,100,0.299401198,35.02994012,55.68862275,73.95209581,99.7005988,Negative
0.304414003,23.13546423,46.57534247,72.14611872,100,0.456621005,27.70167428,52.96803653,76.40791476,99.543379,0.152207002,27.24505327,54.94672755,75.34246575,99.847793,0.456621005,21.91780822,42.61796043,74.12480974,99.543379,1.065449011,32.42009132,56.46879756,79.6042618,100,0.152207002,26.78843227,43.98782344,63.16590563,99.695586,0.152207002,26.78843227,54.94672755,70.62404871,99.847793,0.456621005,27.70167428,52.96803653,76.86453577,99.543379,0.304414003,23.43987823,46.87975647,72.45053272,100,0.456621005,22.07001522,43.07458143,74.88584475,99.543379,1.065449011,29.07153729,55.25114155,78.99543379,100,0.152207002,26.78843227,43.98782344,63.16590563,99.695586,0.304414003,26.02739726,42.00913242,58.75190259,99.695586,0.152207002,29.22374429,56.16438356,78.23439878,100,0.761035008,17.04718417,23.43987823,42.16133942,97.71689498,0.152207002,32.11567732,48.85844749,72.60273973,99.695586,1.217656012,28.91933029,53.72907154,74.27701674,99.847793,0.456621005,21.61339422,48.09741248,77.32115677,100,0.608828006,27.24505327,52.81582953,76.40791476,99.847793,0.304414003,23.13546423,46.57534247,72.14611872,100,0.152207002,27.70167428,54.49010654,75.95129376,99.23896499,Negative
2.5,17.5,51.25,71.875,98.125,1.25,26.25,41.875,76.875,98.75,0.625,31.25,58.125,80,100,1.25,26.25,43.125,76.875,97.5,3.125,31.25,58.75,78.125,100,0.625,16.25,44.375,57.5,99.375,0.625,31.25,55,80,100,1.25,26.25,41.875,76.875,97.5,2.5,17.5,50,71.875,98.125,1.875,27.5,43.75,81.875,97.5,1.25,23.75,56.25,74.375,100,0.625,16.25,44.375,57.5,99.375,2.5,16.25,44.375,56.875,80.625,0.625,26.25,50.625,80,100,17.5,38.125,63.75,74.375,86.25,0.625,21.875,49.375,73.125,100,4.375,36.25,55,83.75,99.375,1.25,23.75,39.375,68.75,97.5,4.375,26.875,55,81.875,100,2.5,17.5,51.25,71.875,98.125,0.625,26.25,40.625,75,98.75,Negative
1.086956522,24.45652174,52.17391304,75.54347826,98.36956522,3.260869565,20.65217391,51.08695652,75,100,0.543478261,23.36956522,45.10869565,72.2826087,96.19565217,3.260869565,27.7173913,51.63043478,78.80434783,100,1.630434783,25,48.91304348,70.10869565,98.36956522,0.543478261,15.76086957,44.56521739,73.91304348,96.19565217,0.543478261,23.36956522,41.84782609,69.56521739,96.19565217,3.260869565,30.43478261,58.69565217,81.52173913,100,1.086956522,22.2826087,46.73913043,73.36956522,98.36956522,3.260869565,30.43478261,53.26086957,79.89130435,100,1.630434783,23.91304348,46.19565217,70.10869565,98.36956522,0.543478261,15.76086957,44.56521739,73.91304348,96.19565217,1.086956522,28.80434783,47.82608696,73.91304348,95.10869565,0.543478261,23.36956522,48.91304348,74.45652174,100,2.717391304,24.45652174,54.89130435,70.10869565,98.36956522,0.543478261,22.82608696,48.91304348,72.82608696,100,1.630434783,20.65217391,43.47826087,65.76086957,99.45652174,3.260869565,25.54347826,54.89130435,81.52173913,97.82608696,1.630434783,25.54347826,47.2826087,74.45652174,100,1.086956522,24.45652174,52.17391304,75.54347826,98.36956522,0.543478261,17.39130435,49.45652174,65.2173913,99.45652174,Negative
1.01010101,28.45117845,55.38720539,79.12457912,100,0.336700337,20.2020202,39.22558923,69.02356902,99.32659933,0.168350168,28.61952862,52.18855219,76.43097643,99.66329966,0.336700337,18.85521886,38.21548822,69.02356902,99.83164983,0.673400673,27.94612795,55.89225589,79.29292929,100,0.168350168,31.98653199,53.03030303,75.08417508,96.8013468,0.168350168,30.13468013,54.54545455,75.42087542,99.66329966,0.336700337,17.50841751,36.53198653,65.15151515,99.32659933,1.01010101,28.95622896,54.71380471,79.12457912,100,0.336700337,19.52861953,39.22558923,69.36026936,99.83164983,0.673400673,24.74747475,53.87205387,78.78787879,100,0.168350168,31.98653199,53.03030303,75.08417508,96.8013468,1.178451178,28.95622896,51.51515152,76.09427609,96.8013468,0.168350168,22.8956229,46.63299663,73.23232323,100,6.734006734,30.47138047,56.56565657,81.31313131,99.83164983,0.168350168,30.47138047,53.87205387,77.60942761,100,0.673400673,24.41077441,47.13804714,73.56902357,99.66329966,0.336700337,19.6969697,39.22558923,69.86531987,99.83164983,0.673400673,24.41077441,48.65319865,74.91582492,99.66329966,1.01010101,28.45117845,55.38720539,79.12457912,100,0.168350168,21.88552189,39.22558923,68.68686869,99.32659933,Negative
5.405405405,31.89189189,55.67567568,75.13513514,100,1.081081081,17.2972973,45.40540541,70.81081081,96.75675676,0.540540541,22.7027027,56.75675676,78.37837838,98.37837838,1.081081081,16.75675676,43.24324324,71.35135135,96.75675676,4.864864865,30.27027027,48.64864865,77.2972973,100,0.540540541,35.13513514,62.16216216,75.13513514,98.91891892,0.540540541,24.32432432,65.40540541,78.37837838,98.37837838,1.081081081,16.21621622,43.24324324,70.27027027,96.75675676,5.405405405,32.43243243,56.21621622,73.51351351,100,1.081081081,15.13513514,44.32432432,72.97297297,96.75675676,4.864864865,25.40540541,43.78378378,68.64864865,100,0.540540541,35.13513514,62.16216216,75.13513514,98.91891892,6.486486486,34.59459459,57.2972973,75.13513514,98.91891892,0.540540541,21.62162162,46.48648649,73.51351351,100,5.405405405,35.67567568,62.7027027,71.89189189,95.67567568,0.540540541,28.10810811,47.56756757,71.89189189,100,1.081081081,18.91891892,51.35135135,77.83783784,97.83783784,2.702702703,16.75675676,49.72972973,74.05405405,99.45945946,4.864864865,24.32432432,45.94594595,78.37837838,98.37837838,5.405405405,31.89189189,55.67567568,75.13513514,100,0.540540541,14.05405405,47.02702703,72.97297297,95.13513514,Negative
0.461893764,19.86143187,45.4965358,73.90300231,100,0.692840647,24.7113164,48.49884527,74.82678984,99.53810624,0.230946882,30.94688222,56.35103926,76.21247113,99.07621247,0.692840647,29.79214781,53.11778291,74.82678984,99.76905312,0.461893764,20.7852194,42.26327945,72.97921478,100,0.230946882,33.94919169,56.81293303,76.6743649,98.61431871,0.230946882,32.79445727,56.35103926,76.90531178,99.07621247,0.692840647,23.78752887,46.42032333,71.13163972,99.53810624,0.461893764,20.09237875,46.88221709,73.90300231,100,0.692840647,33.02540416,55.42725173,79.2147806,99.76905312,0.461893764,21.01616628,41.10854503,72.7482679,100,0.230946882,33.94919169,56.81293303,76.6743649,98.61431871,2.07852194,17.09006928,46.88221709,61.66281755,97.22863741,0.230946882,23.78752887,47.57505774,74.59584296,100,3.695150115,47.80600462,63.04849885,75.75057737,99.76905312,0.230946882,20.32332564,45.26558891,73.67205543,100,1.385681293,36.25866051,56.12009238,77.13625866,99.07621247,0.692840647,24.48036952,52.19399538,73.90300231,99.76905312,1.385681293,29.79214781,52.42494226,76.6743649,99.53810624,0.461893764,19.86143187,45.4965358,73.90300231,100,0.230946882,24.48036952,48.96073903,74.59584296,98.61431871,Negative
1.365187713,26.96245734,50.85324232,73.03754266,97.95221843,0.682593857,25.93856655,47.78156997,72.69624573,100,0.341296928,21.16040956,51.53583618,75.76791809,99.65870307,0.682593857,24.57337884,46.75767918,74.06143345,99.31740614,1.023890785,19.11262799,46.07508532,69.28327645,96.92832765,0.341296928,31.39931741,53.24232082,78.15699659,100,0.341296928,22.52559727,53.24232082,78.15699659,100,0.682593857,23.54948805,45.39249147,69.96587031,99.31740614,1.365187713,26.96245734,50.85324232,73.03754266,97.95221843,0.682593857,26.27986348,46.75767918,74.7440273,99.31740614,1.023890785,18.77133106,46.07508532,69.62457338,96.92832765,0.341296928,31.39931741,53.24232082,78.15699659,100,1.365187713,35.49488055,52.90102389,71.33105802,90.44368601,0.341296928,23.89078498,48.46416382,75.08532423,100,3.754266212,19.79522184,49.14675768,73.72013652,97.95221843,0.341296928,27.30375427,55.63139932,76.10921502,99.31740614,2.389078498,23.54948805,48.12286689,74.40273038,100,0.682593857,22.8668942,44.36860068,70.30716724,98.29351536,1.023890785,24.91467577,54.94880546,78.15699659,99.65870307,1.365187713,26.96245734,50.85324232,73.03754266,97.95221843,0.341296928,22.8668942,40.27303754,64.84641638,100,Positive
0.867052023,26.87861272,47.97687861,73.41040462,100,0.578034682,18.78612717,47.68786127,75.43352601,99.13294798,0.289017341,26.01156069,52.89017341,75.14450867,99.71098266,0.578034682,20.80924855,46.24277457,73.41040462,99.13294798,0.867052023,25.72254335,47.97687861,75.72254335,98.55491329,0.289017341,26.30057803,56.06936416,73.98843931,100,0.289017341,24.56647399,52.89017341,75.14450867,99.71098266,0.578034682,16.1849711,46.24277457,74.85549133,99.13294798,0.867052023,27.16763006,47.97687861,73.69942197,100,0.578034682,23.41040462,47.68786127,74.56647399,99.13294798,0.867052023,24.56647399,47.39884393,75.14450867,98.55491329,0.289017341,26.30057803,56.06936416,73.98843931,100,3.757225434,24.27745665,55.20231214,73.69942197,100,0.289017341,22.83236994,48.26589595,76.01156069,99.71098266,0.867052023,30.92485549,53.46820809,72.5433526,97.97687861,0.289017341,30.63583815,53.75722543,78.03468208,100,0.578034682,19.94219653,47.10982659,65.02890173,99.71098266,1.156069364,22.5433526,45.37572254,75.72254335,99.13294798,1.734104046,27.4566474,52.02312139,76.30057803,99.71098266,0.867052023,26.87861272,47.97687861,73.41040462,100,0.289017341,18.49710983,45.66473988,74.85549133,99.42196532,Negative
0.154202005,19.35235158,43.87047032,73.4772552,98.30377795,0.462606014,31.30300694,53.73939861,76.7925983,99.76869699,0.077101002,15.26599846,39.16730918,68.46569005,100,0.462606014,31.76561295,53.81649961,76.09868928,99.76869699,0.154202005,19.9691596,45.48959136,79.56823439,100,0.077101002,10.56283732,23.59290671,64.22513493,99.07478797,0.077101002,13.1842714,33.461835,66.46106399,100,0.462606014,33.307633,55.05011565,78.02621434,99.76869699,0.154202005,19.66075559,43.87047032,73.3230532,98.53508096,0.462606014,31.99691596,57.28604472,77.02390131,99.69159599,0.154202005,23.51580571,45.10408635,76.48419429,100,0.077101002,10.56283732,23.59290671,64.22513493,99.07478797,0.308404009,8.558211257,33.84734002,64.30223593,98.30377795,0.077101002,26.7540478,51.04086353,76.86969931,100,2.158828065,19.19814958,39.62991519,64.68774094,98.07247494,0.077101002,10.87124133,23.74710871,59.21356978,99.922899,0.231303007,20.43176561,56.36083269,73.2459522,100,0.154202005,32.07401696,50.50115652,80.64764842,99.76869699,0.231303007,17.34772552,53.97070162,81.41865844,100,0.154202005,19.35235158,43.87047032,73.4772552,98.30377795,0.077101002,30.60909792,50.50115652,71.93523516,99.76869699,Positive
2.298850575,22.98850575,55.17241379,68.96551724,96.55172414,9.195402299,35.63218391,54.02298851,80.45977011,97.70114943,1.149425287,11.49425287,28.73563218,63.2183908,100,6.896551724,33.33333333,49.42528736,79.31034483,95.40229885,2.298850575,18.3908046,32.18390805,63.2183908,98.85057471,1.149425287,11.49425287,64.36781609,73.56321839,100,1.149425287,13.79310345,37.93103448,66.66666667,100,9.195402299,34.48275862,49.42528736,79.31034483,95.40229885,2.298850575,22.98850575,55.17241379,68.96551724,96.55172414,9.195402299,34.48275862,50.57471264,79.31034483,95.40229885,2.298850575,19.54022989,35.63218391,65.51724138,98.85057471,1.149425287,11.49425287,64.36781609,73.56321839,100,5.747126437,5.747126437,57.47126437,68.96551724,88.50574713,1.149425287,24.13793103,49.42528736,75.86206897,100,22.98850575,22.98850575,29.88505747,39.08045977,65.51724138,1.149425287,16.09195402,31.03448276,58.62068966,96.55172414,6.896551724,25.28735632,49.42528736,73.56321839,100,9.195402299,35.63218391,56.32183908,80.45977011,94.25287356,3.448275862,14.94252874,37.93103448,64.36781609,100,2.298850575,22.98850575,55.17241379,68.96551724,96.55172414,1.149425287,35.63218391,49.42528736,81.6091954,97.70114943,Positive
1.512859304,21.25567322,45.99092284,75.79425113,98.4871407,0.15128593,27.68532526,52.26928896,75.18910741,99.84871407,0.075642965,19.89409985,46.7473525,71.25567322,100,0.15128593,28.13918306,51.81543116,75.11346445,99.84871407,0.226928896,23.60060514,50.15128593,76.47503782,100,0.075642965,13.08623298,35.32526475,64.52344932,99.31921331,0.075642965,16.79273828,43.87291982,70.49924357,100,0.15128593,29.3494705,53.02571861,75.34039334,99.84871407,0.378214826,21.25567322,46.59606657,76.77760968,98.4871407,0.15128593,29.42511346,52.95007564,75.6429652,99.84871407,0.226928896,22.76853253,48.4871407,75.18910741,100,0.075642965,13.08623298,35.32526475,64.52344932,99.31921331,2.647503782,16.56580938,50.90771558,81.39183056,96.59606657,0.075642965,24.81089259,50,74.88653555,100,3.78214826,26.55068079,47.04992436,72.84417549,97.80635401,0.075642965,22.23903177,51.28593041,81.39183056,99.84871407,0.453857791,26.85325265,47.73071104,70.57488654,100,0.15128593,21.55824508,53.63086233,73.903177,99.54614221,0.226928896,18.15431165,46.7473525,75.26475038,100,1.512859304,21.25567322,45.99092284,75.79425113,98.4871407,0.075642965,29.19818457,52.64750378,74.65960666,99.54614221,Positive
0.199335548,27.64119601,47.90697674,69.70099668,99.86710963,0.265780731,24.58471761,58.67109635,81.9269103,99.80066445,0.066445183,17.80730897,38.93687708,62.92358804,100,0.265780731,25.31561462,57.27574751,81.12956811,99.80066445,0.199335548,23.4551495,46.04651163,71.29568106,100,0.066445183,27.10963455,44.38538206,63.58803987,99.86710963,0.066445183,19.00332226,39.13621262,62.92358804,100,0.265780731,24.31893688,59.20265781,82.65780731,99.80066445,0.199335548,27.57475083,47.90697674,69.83388704,99.86710963,0.265780731,24.78405316,52.75747508,75.54817276,99.80066445,0.199335548,24.45182724,49.36877076,78.4717608,100,0.066445183,27.10963455,44.38538206,63.58803987,99.86710963,4.784053156,39.20265781,49.83388704,64.51827243,99.86710963,0.066445183,22.39202658,48.57142857,76.27906977,100,4.451827243,40.99667774,54.48504983,74.01993355,99.13621262,0.066445183,26.51162791,49.70099668,72.95681063,100,0.132890365,18.73754153,38.87043189,66.51162791,99.93355482,0.199335548,26.04651163,54.35215947,81.32890365,99.80066445,0.132890365,20.73089701,45.84717608,72.02657807,100,0.199335548,27.64119601,47.90697674,69.70099668,99.86710963,0.066445183,27.77408638,60.13289037,84.18604651,99.66777409,Negative
0.970873786,30.09708738,51.45631068,74.43365696,98.70550162,1.294498382,18.12297735,47.24919094,73.13915858,100,0.323624595,29.12621359,50.48543689,76.37540453,99.02912621,1.294498382,19.09385113,46.60194175,77.66990291,100,0.647249191,31.71521036,51.77993528,73.78640777,99.02912621,0.323624595,17.47572816,48.86731392,70.55016181,95.79288026,0.323624595,27.18446602,48.22006472,73.78640777,99.02912621,1.294498382,18.12297735,46.60194175,77.66990291,100,0.970873786,27.83171521,51.77993528,72.16828479,98.70550162,1.294498382,19.09385113,48.54368932,75.72815534,100,0.647249191,27.83171521,50.48543689,74.75728155,99.6763754,0.323624595,17.47572816,48.86731392,70.55016181,95.79288026,0.970873786,13.91585761,44.01294498,70.55016181,95.79288026,0.323624595,22.33009709,47.57281553,73.46278317,100,16.18122977,45.30744337,62.78317152,85.11326861,97.73462783,0.323624595,24.91909385,52.75080906,71.197411,99.02912621,4.207119741,27.18446602,47.89644013,76.37540453,98.05825243,1.294498382,20.06472492,45.63106796,75.40453074,100,0.647249191,29.12621359,50.80906149,75.72815534,100,0.970873786,30.09708738,51.45631068,74.43365696,98.70550162,0.323624595,15.21035599,39.48220065,71.5210356,99.6763754,Negative
1.075268817,26.52329749,51.61290323,75.2688172,98.56630824,1.792114695,29.390681,45.51971326,74.55197133,100,0.358422939,17.56272401,46.95340502,72.40143369,99.64157706,1.792114695,26.16487455,48.74551971,76.70250896,100,0.716845878,22.9390681,50.53763441,69.17562724,99.64157706,0.358422939,26.52329749,48.02867384,79.56989247,99.28315412,0.358422939,18.27956989,45.8781362,72.40143369,99.64157706,1.792114695,28.67383513,47.31182796,75.98566308,100,1.075268817,26.52329749,51.25448029,75.2688172,98.56630824,1.792114695,26.16487455,49.10394265,76.70250896,100,0.716845878,21.86379928,50.17921147,69.17562724,99.64157706,0.358422939,26.52329749,48.02867384,79.56989247,99.28315412,18.99641577,32.25806452,56.98924731,79.56989247,97.13261649,0.358422939,24.01433692,48.38709677,72.40143369,100,1.075268817,19.71326165,49.10394265,75.62724014,98.56630824,0.358422939,25.80645161,46.23655914,73.11827957,99.28315412,0.716845878,20.78853047,53.04659498,70.25089606,99.64157706,2.867383513,26.16487455,50.89605735,78.49462366,100,0.716845878,18.27956989,46.95340502,76.34408602,99.64157706,1.075268817,26.52329749,51.61290323,75.2688172,98.56630824,0.358422939,27.24014337,45.16129032,70.25089606,100,Negative
0.390370852,22.70657124,46.71437866,72.47885491,98.69876383,0.130123617,26.67534157,51.39882889,75.79700716,99.86987638,0.065061809,22.05595316,48.40598569,73.129473,100,0.130123617,26.93558881,50.94339623,75.3415745,99.86987638,0.650618087,26.02472349,52.37475602,77.03318152,100,0.065061809,12.23162004,35.97918022,65.51724138,99.41444372,0.065061809,17.63175016,46.06376057,72.80416396,100,0.130123617,28.17176318,51.98438517,75.79700716,99.86987638,0.325309044,22.70657124,47.56018217,75.27651269,98.69876383,0.130123617,27.78139232,51.59401431,75.92713077,99.86987638,0.260247235,25.17891997,50.55302537,75.27651269,100,0.065061809,12.23162004,35.97918022,65.51724138,99.41444372,0.390370852,20.36434613,49.64216005,79.89590111,97.07221861,0.065061809,24.98373455,50.0325309,74.95120364,100,1.756668835,25.82953806,49.2517892,68.05465192,98.11320755,0.065061809,22.70657124,50.48796357,81.84775537,99.86987638,0.130123617,26.67534157,47.95055303,70.00650618,100,0.260247235,21.86076773,53.48080677,75.79700716,99.60962915,0.585556278,20.29928432,48.73129473,75.14638907,100,0.390370852,22.70657124,46.71437866,72.47885491,98.69876383,0.065061809,28.04163956,51.4638907,74.82108003,99.60962915,Positive
0.235663786,25.76590731,43.67635507,70.77769049,100,0.392772977,27.572663,60.95836606,78.71170463,99.84289081,0.078554595,21.44540456,44.93322859,69.67792616,99.9214454,0.392772977,25.29457973,57.73762765,77.14061273,99.84289081,0.157109191,24.74469756,45.64021995,71.87745483,100,0.078554595,23.88059701,46.97564808,71.95600943,99.21445405,0.078554595,22.23095051,45.95443833,70.54202671,99.9214454,0.392772977,27.572663,61.03692066,78.31893166,99.84289081,0.235663786,25.29457973,43.67635507,71.48468185,100,0.392772977,22.07384132,50.19638649,73.99842891,99.84289081,0.157109191,26.70856245,51.29615082,76.43362137,100,0.078554595,23.88059701,46.97564808,71.95600943,99.21445405,0.235663786,28.51531815,48.46818539,73.21288295,99.21445405,0.078554595,24.50903378,53.26001571,76.19795758,100,0.471327573,24.66614297,37.863315,52.78868814,99.68578162,0.078554595,25.60879811,48.15396701,74.39120189,99.9214454,0.157109191,24.1948154,50.90337785,72.427337,99.84289081,0.628436764,24.58758837,52.71013354,75.96229379,100,0.157109191,22.15239592,46.34721131,72.11311862,99.9214454,0.235663786,25.76590731,43.67635507,70.77769049,100,0.078554595,29.06520031,62.37234878,79.18303221,99.84289081,Negative
0.119047619,28.63095238,52.20238095,76.8452381,99.4047619,0.178571429,26.66666667,51.01190476,74.76190476,99.94047619,0.05952381,18.69047619,44.3452381,73.03571429,100,0.178571429,26.36904762,52.38095238,75.29761905,99.94047619,0.238095238,26.48809524,50.29761905,76.96428571,100,0.05952381,16.42857143,39.70238095,67.97619048,99.88095238,0.05952381,17.91666667,43.39285714,70.77380952,100,0.178571429,26.96428571,52.08333333,76.07142857,99.94047619,0.119047619,28.86904762,51.72619048,76.36904762,99.4047619,0.178571429,27.02380952,54.58333333,76.25,99.94047619,0.238095238,25.77380952,47.67857143,75.17857143,100,0.05952381,16.42857143,39.70238095,67.97619048,99.88095238,0.119047619,13.1547619,32.26190476,69.04761905,99.4047619,0.05952381,24.3452381,49.76190476,75.05952381,100,3.452380952,34.46428571,54.3452381,74.88095238,98.63095238,0.05952381,27.5,55.83333333,81.9047619,100,0.238095238,22.55952381,41.42857143,66.96428571,99.88095238,0.178571429,28.92857143,58.21428571,77.02380952,99.94047619,0.178571429,17.91666667,44.4047619,75.83333333,100,0.119047619,28.63095238,52.20238095,76.8452381,99.4047619,0.05952381,28.51190476,51.8452381,72.91666667,99.94047619,Positive
0.097513408,26.32862019,52.60848367,75.81667479,99.9512433,0.146270112,24.28083862,46.75767918,74.98781082,100,0.048756704,24.57337884,50.07313506,74.06143345,99.70745978,0.097513408,24.32959532,47.34275963,73.5251097,100,0.438810336,22.9156509,51.34080936,76.06045831,99.9512433,0.048756704,28.52267187,50.46318869,75.81667479,99.85372989,0.048756704,24.57337884,49.97562165,74.7440273,99.85372989,0.146270112,24.0858118,46.07508532,74.30521697,100,0.097513408,26.23110678,52.21843003,75.81667479,99.9512433,0.097513408,24.62213554,47.73281326,74.35397367,100,0.390053632,22.9156509,50.41443198,74.84154071,99.9512433,0.048756704,28.52267187,50.46318869,75.81667479,99.85372989,0.341296928,27.93759142,51.19453925,77.52315943,99.80497318,0.048756704,24.28083862,49.04924427,74.89029742,100,0.097513408,26.27986348,53.29107752,74.01267674,99.90248659,0.048756704,24.1345685,49.87810824,77.0843491,99.9512433,0.195026816,26.66991711,51.24329595,74.6465139,99.85372989,0.097513408,24.52462214,48.80546075,73.37883959,100,0.146270112,24.28083862,48.46416382,74.93905412,99.70745978,0.097513408,26.32862019,52.60848367,75.81667479,99.9512433,0.048756704,24.67089225,48.85421745,73.72013652,100,Negative
1.538461538,24.78632479,47.69230769,72.13675214,99.65811966,0.341880342,21.70940171,50.08547009,74.35897436,99.82905983,0.170940171,30.08547009,50.5982906,77.77777778,100,0.341880342,20.85470085,50.42735043,75.21367521,100,1.196581197,24.61538462,49.05982906,73.33333333,99.48717949,0.170940171,34.52991453,47.86324786,74.52991453,99.65811966,0.170940171,30.76923077,49.4017094,74.7008547,100,0.341880342,19.82905983,51.45299145,75.55555556,99.82905983,1.538461538,27.69230769,46.83760684,73.16239316,99.65811966,0.341880342,20.51282051,51.45299145,76.58119658,99.82905983,0.854700855,24.61538462,49.05982906,72.47863248,100,0.170940171,34.52991453,47.86324786,74.52991453,99.65811966,8.205128205,33.5042735,47.69230769,83.24786325,99.65811966,0.170940171,23.24786325,49.05982906,73.33333333,100,10.76923077,27.52136752,55.55555556,87.52136752,97.43589744,0.170940171,28.54700855,52.13675214,77.60683761,99.82905983,0.683760684,29.4017094,49.05982906,71.28205128,100,0.512820513,18.46153846,47.17948718,71.62393162,99.14529915,0.341880342,27.86324786,55.04273504,77.77777778,100,1.538461538,24.78632479,47.69230769,72.13675214,99.65811966,0.170940171,19.82905983,48.03418803,72.47863248,99.31623932,Negative
1.357466063,26.69683258,43.43891403,78.73303167,91.85520362,2.262443439,31.22171946,57.46606335,76.01809955,98.64253394,0.452488688,12.21719457,33.03167421,62.8959276,100,2.262443439,34.84162896,60.18099548,77.37556561,98.64253394,0.904977376,16.74208145,33.03167421,56.56108597,99.54751131,0.452488688,18.5520362,43.43891403,84.16289593,100,0.452488688,12.21719457,33.03167421,58.37104072,100,2.262443439,34.84162896,59.72850679,76.92307692,98.64253394,1.357466063,26.69683258,42.53393665,78.28054299,91.85520362,2.262443439,36.19909502,61.53846154,80.54298643,98.64253394,0.904977376,19.90950226,38.46153846,58.37104072,99.54751131,0.452488688,18.5520362,43.43891403,84.16289593,100,1.357466063,32.12669683,75.11312217,88.68778281,91.85520362,0.452488688,23.07692308,50.22624434,72.39819005,100,13.57466063,29.41176471,42.08144796,58.82352941,83.71040724,0.452488688,19.90950226,46.60633484,80.54298643,100,0.904977376,22.62443439,46.15384615,65.61085973,99.54751131,2.262443439,25.33936652,52.0361991,74.66063348,98.64253394,0.904977376,19.45701357,50.22624434,73.75565611,99.54751131,1.357466063,26.69683258,43.43891403,78.73303167,91.85520362,0.452488688,28.05429864,52.48868778,72.85067873,100,Negative
1.123595506,26.5917603,53.55805243,79.02621723,100,0.74906367,24.71910112,47.94007491,72.65917603,98.87640449,0.374531835,23.22097378,46.44194757,70.41198502,98.50187266,0.74906367,25.84269663,52.80898876,75.65543071,98.87640449,2.996254682,21.72284644,46.8164794,72.28464419,100,0.374531835,22.84644195,45.6928839,73.78277154,98.12734082,0.374531835,23.97003745,46.44194757,73.03370787,98.50187266,0.74906367,25.84269663,49.43820225,72.65917603,98.87640449,1.123595506,23.59550562,52.05992509,78.27715356,100,0.74906367,29.58801498,56.55430712,76.77902622,98.87640449,2.996254682,20.97378277,46.44194757,69.28838951,100,0.374531835,22.84644195,45.6928839,73.78277154,98.12734082,1.123595506,22.09737828,53.1835206,81.64794007,98.12734082,0.374531835,23.97003745,47.56554307,73.78277154,100,2.996254682,26.5917603,56.92883895,77.52808989,96.25468165,0.374531835,18.72659176,45.31835206,70.41198502,99.62546816,1.872659176,24.71910112,46.8164794,73.78277154,98.50187266,0.74906367,31.83520599,58.80149813,77.52808989,100,1.498127341,27.71535581,49.81273408,74.53183521,98.87640449,1.123595506,26.5917603,53.55805243,79.02621723,100,0.374531835,13.10861423,39.3258427,61.79775281,97.00374532,Negative
1.673640167,39.33054393,69.0376569,86.19246862,100,0.836820084,21.75732218,39.74895397,61.50627615,99.58158996,0.418410042,27.61506276,53.9748954,75.73221757,97.07112971,0.836820084,19.66527197,39.74895397,63.59832636,99.58158996,2.510460251,34.72803347,59.83263598,79.49790795,100,0.418410042,20.08368201,57.32217573,84.10041841,99.16317992,0.418410042,27.61506276,53.9748954,75.73221757,97.07112971,0.836820084,20.50209205,38.07531381,61.50627615,99.58158996,1.673640167,40.16736402,65.27196653,84.93723849,100,0.836820084,18.41004184,42.25941423,66.10878661,99.58158996,2.510460251,30.12552301,51.0460251,76.15062762,100,0.418410042,20.08368201,57.32217573,84.10041841,99.16317992,1.673640167,22.59414226,68.61924686,86.19246862,99.16317992,0.418410042,22.17573222,43.93305439,66.52719665,99.58158996,15.06276151,61.08786611,72.38493724,85.35564854,100,0.418410042,34.30962343,58.57740586,81.58995816,100,0.836820084,17.9916318,33.05439331,61.92468619,97.07112971,6.694560669,24.26778243,41.0041841,67.36401674,99.58158996,2.510460251,25.10460251,54.81171548,76.9874477,99.58158996,1.673640167,39.33054393,69.0376569,86.19246862,100,0.418410042,18.82845188,36.82008368,54.39330544,97.90794979,Positive
0.296442688,19.2687747,39.13043478,66.69960474,98.91304348,0.790513834,34.18972332,55.33596838,77.66798419,99.70355731,0.098814229,17.68774704,39.5256917,73.51778656,100,0.889328063,34.38735178,55.33596838,77.27272727,99.60474308,0.197628458,21.73913043,45.35573123,75.29644269,100,0.098814229,14.32806324,30.03952569,60.57312253,99.90118577,0.098814229,17.09486166,37.35177866,71.44268775,100,0.889328063,36.95652174,56.91699605,78.45849802,99.60474308,0.296442688,19.2687747,39.92094862,69.46640316,98.91304348,0.889328063,33.7944664,55.23715415,76.48221344,98.81422925,0.197628458,25.29644269,47.72727273,77.07509881,100,0.098814229,14.32806324,30.03952569,60.57312253,99.90118577,0.296442688,19.66403162,39.82213439,61.26482213,98.91304348,0.098814229,26.77865613,52.17391304,76.38339921,100,0.592885375,16.69960474,29.24901186,61.06719368,98.12252964,0.098814229,16.99604743,40.81027668,73.61660079,100,0.494071146,28.16205534,47.82608696,70.84980237,99.90118577,1.086956522,30.92885375,55.83003953,78.95256917,99.60474308,0.197628458,19.46640316,41.79841897,75.29644269,100,0.296442688,19.2687747,39.13043478,66.69960474,98.91304348,0.098814229,36.06719368,55.63241107,77.27272727,99.70355731,Positive
0.662251656,24.50331126,50.99337748,73.73068433,100,0.441501104,21.63355408,46.799117,73.06843267,97.13024283,0.220750552,29.13907285,50.33112583,78.80794702,96.90949227,0.441501104,19.64679912,46.57836645,72.40618102,97.13024283,0.662251656,22.29580574,49.88962472,76.1589404,100,0.220750552,35.7615894,55.62913907,77.26269316,96.90949227,0.220750552,28.69757174,50.33112583,77.48344371,96.90949227,0.441501104,18.76379691,46.799117,71.96467991,97.13024283,0.662251656,24.72406181,50.99337748,74.83443709,100,0.441501104,18.76379691,43.92935982,68.43267108,97.13024283,0.662251656,22.73730684,53.64238411,76.82119205,100,0.220750552,35.7615894,55.62913907,77.26269316,96.90949227,15.45253863,24.94481236,52.98013245,73.73068433,91.39072848,0.220750552,26.49006623,52.31788079,75.49668874,100,0.662251656,11.25827815,31.12582781,48.78587196,97.35099338,0.220750552,23.17880795,51.65562914,79.91169978,100,3.973509934,25.38631347,43.92935982,77.48344371,96.68874172,0.441501104,25.60706402,50.11037528,66.66666667,97.13024283,3.973509934,23.3995585,45.91611479,77.48344371,96.68874172,0.662251656,24.50331126,50.99337748,73.73068433,100,0.220750552,26.93156733,51.21412804,71.0816777,97.13024283,Negative
2.236421725,27.15654952,57.82747604,79.87220447,99.68051118,0.638977636,24.9201278,47.28434505,69.00958466,100,0.319488818,22.68370607,48.2428115,69.6485623,96.80511182,0.638977636,26.51757188,52.07667732,77.31629393,100,2.555910543,21.08626198,48.56230032,73.80191693,99.04153355,0.319488818,21.72523962,49.52076677,72.52396166,99.68051118,0.319488818,20.76677316,46.64536741,69.6485623,96.80511182,0.638977636,25.23961661,47.60383387,67.41214058,100,2.236421725,27.79552716,56.54952077,79.55271565,99.68051118,0.638977636,25.87859425,52.39616613,76.67731629,99.36102236,0.958466454,23.96166134,48.88178914,74.44089457,100,0.319488818,21.72523962,49.52076677,72.52396166,99.68051118,2.236421725,27.79552716,57.1884984,76.35782748,99.68051118,0.319488818,23.32268371,47.92332268,71.88498403,100,4.47284345,23.64217252,59.10543131,83.06709265,99.04153355,0.319488818,24.9201278,51.7571885,74.76038339,99.68051118,1.277955272,18.21086262,46.32587859,74.12140575,98.72204473,0.958466454,26.51757188,47.92332268,73.80191693,100,0.638977636,24.60063898,46.00638978,67.73162939,99.36102236,2.236421725,27.15654952,57.82747604,79.87220447,99.68051118,0.319488818,23.00319489,49.84025559,72.20447284,100,Negative
0.833333333,22.08333333,47.08333333,74.16666667,98.75,1.25,21.25,50.41666667,77.5,100,0.416666667,35,52.5,70.41666667,99.58333333,1.25,22.5,51.66666667,77.91666667,100,2.916666667,30.83333333,52.91666667,74.16666667,99.58333333,0.416666667,16.66666667,42.91666667,63.75,96.66666667,0.416666667,31.66666667,49.58333333,70.83333333,99.58333333,1.25,22.5,54.58333333,77.91666667,100,0.833333333,22.08333333,47.08333333,73.33333333,98.75,1.25,20.41666667,40.83333333,75.41666667,100,2.916666667,32.08333333,54.16666667,77.91666667,99.58333333,0.416666667,16.66666667,42.91666667,63.75,96.66666667,0.833333333,15.83333333,27.91666667,55,95.83333333,0.416666667,28.75,54.58333333,78.75,100,7.083333333,17.08333333,34.16666667,51.25,92.5,0.416666667,23.33333333,44.16666667,66.66666667,100,1.666666667,21.25,48.75,76.66666667,98.33333333,1.25,31.25,57.91666667,83.33333333,99.16666667,1.25,31.66666667,53.33333333,70.83333333,100,0.833333333,22.08333333,47.08333333,74.16666667,98.75,0.416666667,19.58333333,42.91666667,77.91666667,99.16666667,Negative
0.306278714,13.16998469,39.66309342,69.83154671,97.856049,0.612557427,27.56508423,50.99540582,73.96630934,99.69372129,0.153139357,19.44869832,49.15773354,83.30781011,100,0.612557427,27.25880551,50.38284839,73.50689127,99.23430322,0.45941807,29.09647779,54.36447167,79.01990812,99.54058193,0.153139357,6.125574273,12.86370597,47.01378254,100,0.153139357,16.84532925,47.01378254,82.84839204,100,0.612557427,29.24961715,52.8330781,74.1194487,99.23430322,0.306278714,13.32312404,39.66309342,71.51607963,97.856049,0.612557427,25.57427259,46.70750383,73.50689127,99.23430322,0.45941807,31.39356815,55.13016845,76.56967841,99.54058193,0.153139357,6.125574273,12.86370597,47.01378254,100,0.306278714,5.819295559,8.575803982,13.16998469,97.856049,0.153139357,26.33996937,51.60796325,75.80398162,100,3.522205207,24.96171516,40.88820827,67.84073507,96.63093415,0.153139357,26.79938744,55.74272588,77.18223583,100,0.45941807,21.43950995,45.0229709,71.05666156,99.84686064,0.612557427,26.33996937,53.13935681,76.11026034,98.46860643,0.45941807,24.65543645,56.50842266,79.32618683,99.84686064,0.306278714,13.16998469,39.66309342,69.83154671,97.856049,0.153139357,27.10566616,47.77947933,72.74119449,100,Positive
2.409638554,31.92771084,50.60240964,79.51807229,95.18072289,3.012048193,28.31325301,56.02409639,73.4939759,100,0.602409639,12.65060241,34.93975904,68.6746988,99.39759036,3.012048193,27.10843373,53.61445783,72.89156627,100,1.807228916,23.4939759,40.36144578,72.28915663,99.39759036,0.602409639,12.65060241,46.98795181,78.91566265,98.79518072,0.602409639,15.6626506,36.74698795,68.6746988,99.39759036,3.012048193,27.71084337,55.42168675,72.89156627,100,2.409638554,31.92771084,51.80722892,76.5060241,95.18072289,3.012048193,26.5060241,53.01204819,71.68674699,100,1.807228916,24.09638554,42.77108434,72.89156627,99.39759036,0.602409639,12.65060241,46.98795181,78.91566265,98.79518072,2.409638554,24.69879518,48.19277108,88.55421687,92.1686747,0.602409639,22.89156627,49.39759036,73.4939759,100,13.85542169,29.51807229,50.60240964,63.85542169,91.56626506,0.602409639,13.25301205,47.59036145,75.90361446,100,1.204819277,22.89156627,42.77108434,69.87951807,99.39759036,3.012048193,28.31325301,54.81927711,74.69879518,98.19277108,1.204819277,15.06024096,41.56626506,69.87951807,100,2.409638554,31.92771084,50.60240964,79.51807229,95.18072289,0.602409639,28.91566265,55.42168675,73.4939759,98.19277108,Negative
0.39800995,25.17412935,45.77114428,70.64676617,100,0.199004975,20.59701493,48.95522388,75.12437811,99.90049751,0.099502488,28.95522388,56.0199005,78.20895522,99.70149254,0.199004975,23.08457711,49.55223881,73.6318408,99.90049751,0.597014925,25.87064677,49.35323383,72.8358209,100,0.099502488,26.06965174,54.82587065,78.50746269,99.80099502,0.099502488,28.15920398,55.42288557,78.10945274,99.80099502,0.199004975,20.59701493,48.45771144,74.62686567,99.90049751,0.39800995,25.27363184,46.06965174,71.14427861,100,0.199004975,21.09452736,46.96517413,72.43781095,99.90049751,0.597014925,26.46766169,51.04477612,73.93034826,100,0.099502488,26.06965174,54.82587065,78.50746269,99.80099502,0.39800995,24.17910448,49.05472637,78.50746269,99.2039801,0.099502488,24.87562189,51.84079602,76.31840796,100,0.696517413,25.07462687,41.89054726,62.58706468,95.62189055,0.099502488,25.07462687,50.24875622,78.30845771,99.60199005,0.497512438,28.45771144,55.92039801,77.01492537,99.80099502,0.199004975,22.48756219,45.37313433,69.45273632,100,0.597014925,25.97014925,55.92039801,78.90547264,99.70149254,0.39800995,25.17412935,45.77114428,70.64676617,100,0.099502488,21.39303483,47.76119403,74.22885572,99.90049751,Positive
0.218221495,24.98636116,47.02673213,73.92253137,99.12711402,0.163666121,27.49590835,52.59138025,75.99563557,99.67266776,0.054555374,19.47626841,45.71740316,71.74031642,100,0.163666121,25.96835788,51.50027278,75.50463721,99.67266776,0.109110747,24.2771413,48.82705947,75.23186034,100,0.054555374,20.56737589,45.99018003,70.81287507,99.94544463,0.054555374,19.36715767,45.00818331,70.75831969,100,0.163666121,27.82324059,52.59138025,76.26841244,99.67266776,0.218221495,25.64102564,48.71794872,76.10474632,99.23622477,0.600109111,26.45935625,54.00981997,77.08674304,99.67266776,0.109110747,24.2771413,46.4811784,72.6132024,100,0.054555374,20.56737589,45.99018003,70.81287507,99.94544463,0.981996727,25.42280415,64.37534097,80.96017458,99.12711402,0.054555374,24.76813966,49.91816694,74.84997272,100,1.527550464,25.47735952,47.08128751,70.97654119,98.7452264,0.054555374,27.3867976,61.04746318,81.88761593,99.89088925,0.272776869,22.69503546,43.86252046,69.5035461,100,0.163666121,27.00490998,52.86415712,74.84997272,99.50900164,0.109110747,19.03982542,46.64484452,74.6863066,100,0.218221495,24.98636116,47.02673213,73.92253137,99.12711402,0.054555374,28.80523732,52.86415712,75.06819422,99.67266776,Positive
3.092783505,15.46391753,32.98969072,59.79381443,97.93814433,2.06185567,21.64948454,50.51546392,69.07216495,94.84536082,1.030927835,40.20618557,68.04123711,87.62886598,100,2.06185567,21.64948454,44.32989691,64.94845361,94.84536082,3.092783505,22.68041237,45.36082474,76.28865979,98.96907216,1.030927835,23.71134021,57.73195876,80.41237113,100,1.030927835,35.05154639,68.04123711,88.65979381,100,2.06185567,21.64948454,50.51546392,65.97938144,94.84536082,3.092783505,15.46391753,32.98969072,59.79381443,97.93814433,2.06185567,21.64948454,44.32989691,64.94845361,94.84536082,3.092783505,22.68041237,45.36082474,76.28865979,98.96907216,1.030927835,23.71134021,57.73195876,80.41237113,100,5.154639175,16.49484536,38.1443299,70.10309278,97.93814433,1.030927835,26.80412371,52.57731959,77.31958763,100,10.30927835,14.43298969,34.02061856,42.26804124,59.79381443,1.030927835,20.6185567,48.45360825,74.22680412,98.96907216,6.18556701,35.05154639,58.7628866,88.65979381,100,2.06185567,14.43298969,42.26804124,59.79381443,83.50515464,17.5257732,35.05154639,68.04123711,86.59793814,100,3.092783505,15.46391753,32.98969072,59.79381443,97.93814433,1.030927835,9.278350515,50.51546392,64.94845361,94.84536082,Negative
5.194805195,42.85714286,81.81818182,92.20779221,100,2.597402597,28.57142857,49.35064935,71.42857143,94.80519481,1.298701299,18.18181818,33.76623377,66.23376623,84.41558442,2.597402597,24.67532468,49.35064935,71.42857143,94.80519481,3.896103896,23.37662338,50.64935065,68.83116883,100,1.298701299,19.48051948,36.36363636,72.72727273,97.4025974,1.298701299,18.18181818,36.36363636,66.23376623,84.41558442,2.597402597,24.67532468,49.35064935,63.63636364,94.80519481,5.194805195,42.85714286,81.81818182,92.20779221,100,2.597402597,24.67532468,54.54545455,71.42857143,94.80519481,3.896103896,23.37662338,50.64935065,68.83116883,100,1.298701299,19.48051948,36.36363636,72.72727273,97.4025974,15.58441558,15.58441558,92.20779221,96.1038961,97.4025974,1.298701299,24.67532468,46.75324675,68.83116883,100,5.194805195,5.194805195,81.81818182,83.11688312,93.50649351,1.298701299,24.67532468,59.74025974,77.92207792,100,3.896103896,19.48051948,36.36363636,66.23376623,84.41558442,5.194805195,28.57142857,53.24675325,83.11688312,94.80519481,2.597402597,20.77922078,50.64935065,66.23376623,90.90909091,5.194805195,42.85714286,81.81818182,92.20779221,100,1.298701299,18.18181818,35.06493506,49.35064935,94.80519481,Negative
1.290322581,15.48387097,40,65.16129032,100,2.580645161,34.19354839,62.58064516,81.29032258,99.35483871,0.64516129,25.16129032,45.80645161,61.29032258,93.5483871,4.516129032,29.03225806,62.58064516,81.93548387,99.35483871,1.290322581,15.48387097,38.70967742,58.70967742,96.12903226,0.64516129,30.96774194,47.09677419,70.32258065,100,0.64516129,25.16129032,46.4516129,61.29032258,97.41935484,4.516129032,29.03225806,62.58064516,82.58064516,99.35483871,1.290322581,15.48387097,40,66.4516129,100,4.516129032,29.03225806,62.58064516,81.93548387,99.35483871,1.290322581,16.77419355,40.64516129,61.29032258,96.12903226,0.64516129,30.96774194,47.09677419,70.32258065,100,1.935483871,12.25806452,32.25806452,63.87096774,100,0.64516129,24.51612903,49.67741935,74.19354839,99.35483871,1.290322581,14.83870968,53.5483871,77.41935484,96.12903226,0.64516129,20,39.35483871,65.16129032,100,2.580645161,28.38709677,52.25806452,79.35483871,97.41935484,6.451612903,26.4516129,50.32258065,77.41935484,99.35483871,4.516129032,25.16129032,49.67741935,68.38709677,98.70967742,1.290322581,15.48387097,40,65.16129032,100,0.64516129,32.90322581,59.35483871,80.64516129,99.35483871,Negative
0.105263158,25.52631579,51.94736842,78.10526316,99.78947368,0.210526316,25.78947368,49.05263158,73.36842105,100,0.052631579,22.94736842,48.78947368,74.05263158,99.89473684,0.210526316,24.94736842,48.94736842,73.73684211,99.94736842,0.368421053,23.21052632,47.10526316,73.10526316,99.89473684,0.052631579,30.10526316,54.68421053,79.05263158,100,0.052631579,23.47368421,49.84210526,74.94736842,100,0.210526316,24.84210526,47.63157895,72.10526316,99.94736842,0.105263158,26.78947368,52.10526316,78.05263158,99.78947368,0.210526316,24.84210526,47.89473684,72.57894737,99.84210526,0.368421053,23.68421053,47.73684211,74.36842105,99.94736842,0.052631579,30.10526316,54.68421053,79.05263158,100,0.105263158,31.47368421,55.89473684,80.52631579,99.63157895,0.052631579,24.26315789,48.47368421,73.68421053,100,1.631578947,24.05263158,53,79.63157895,99.47368421,0.052631579,26.78947368,50.57894737,74.36842105,99.68421053,0.157894737,22.36842105,48.57894737,75.63157895,100,0.315789474,25.42105263,49.89473684,75.21052632,99.94736842,0.157894737,24.94736842,50.42105263,74.78947368,99.89473684,0.105263158,25.52631579,51.94736842,78.10526316,99.78947368,0.052631579,23.94736842,47.31578947,71.68421053,100,Negative
4,20,40,66,100,6,18,44,70,98,2,30,52,74,94,8,30,52,76,98,4,12,36,56,78,2,6,26,66,100,2,30,52,74,94,8,24,58,72,98,4,20,40,66,100,8,24,58,72,98,4,28,46,64,94,2,6,26,66,100,16,20,40,66,100,2,24,48,74,98,4,4,32,50,76,2,12,36,66,100,8,14,46,74,94,18,32,58,76,98,14,34,60,74,96,4,20,40,66,100,2,8,28,68,98,Negative
0.141242938,17.65536723,51.05932203,76.48305085,99.22316384,0.776836158,29.44915254,51.48305085,75.77683616,99.78813559,0.070621469,14.12429379,42.51412429,68.8559322,100,0.63559322,29.73163842,51.76553672,75.21186441,99.78813559,0.141242938,15.53672316,47.10451977,80.43785311,99.92937853,0.070621469,12.71186441,44.49152542,66.66666667,100,0.070621469,12.92372881,40.11299435,67.51412429,100,0.776836158,30.43785311,52.33050847,76.83615819,99.78813559,0.141242938,17.7259887,51.05932203,75.14124294,99.22316384,0.776836158,30.08474576,52.0480226,74.50564972,99.78813559,0.141242938,19.13841808,47.9519774,79.94350282,99.92937853,0.070621469,12.71186441,44.49152542,66.66666667,100,0.282485876,16.5960452,50,69.7740113,99.22316384,0.070621469,25.84745763,50.07062147,76.27118644,100,1.97740113,18.6440678,48.94067797,65.53672316,98.8700565,0.070621469,10.73446328,37.64124294,66.38418079,99.71751412,0.211864407,20.76271186,52.68361582,71.89265537,100,0.141242938,28.81355932,50.77683616,79.59039548,99.0819209,0.211864407,16.03107345,53.03672316,80.64971751,100,0.141242938,17.65536723,51.05932203,76.48305085,99.22316384,0.070621469,29.0960452,48.23446328,71.89265537,99.78813559,Positive
0.8,24.8,46.66666667,69.86666667,99.2,1.066666667,27.46666667,55.46666667,78.93333333,100,0.266666667,22.66666667,43.2,70.66666667,99.73333333,2.133333333,26.13333333,54.13333333,80.26666667,100,0.533333333,20.8,45.33333333,68.26666667,99.73333333,0.266666667,24.8,47.46666667,76.8,98.93333333,0.266666667,20.8,45.33333333,71.73333333,99.73333333,2.133333333,29.06666667,55.2,80.26666667,100,0.8,25.06666667,48.26666667,72,99.2,2.133333333,24,55.46666667,81.33333333,100,0.533333333,23.2,46.66666667,68.53333333,99.73333333,0.266666667,24.8,47.46666667,76.8,98.93333333,0.8,28,44,68,94.66666667,0.266666667,24.53333333,50.66666667,75.2,100,5.6,19.46666667,39.73333333,68.53333333,97.33333333,0.266666667,22.93333333,45.86666667,71.46666667,99.73333333,1.066666667,24.53333333,50.66666667,77.06666667,98.93333333,2.133333333,29.06666667,52.26666667,75.46666667,100,0.533333333,21.06666667,48.53333333,74.93333333,100,0.8,24.8,46.66666667,69.86666667,99.2,0.266666667,32.8,52.8,78.4,96.53333333,Negative
3.06122449,11.2244898,44.89795918,65.30612245,98.97959184,2.040816327,22.44897959,36.73469388,71.42857143,97.95918367,1.020408163,29.59183673,54.08163265,76.53061224,100,8.163265306,24.48979592,41.83673469,71.42857143,97.95918367,3.06122449,20.40816327,52.04081633,73.46938776,100,1.020408163,14.28571429,50,74.48979592,94.89795918,1.020408163,27.55102041,54.08163265,75.51020408,100,8.163265306,22.44897959,35.71428571,71.42857143,97.95918367,3.06122449,19.3877551,50,65.30612245,98.97959184,8.163265306,24.48979592,36.73469388,71.42857143,97.95918367,3.06122449,23.46938776,53.06122449,73.46938776,100,1.020408163,14.28571429,50,74.48979592,94.89795918,9.183673469,10.20408163,44.89795918,63.26530612,94.89795918,1.020408163,25.51020408,48.97959184,75.51020408,100,3.06122449,3.06122449,20.40816327,52.04081633,98.97959184,1.020408163,12.24489796,44.89795918,65.30612245,98.97959184,2.040816327,30.6122449,54.08163265,75.51020408,100,11.2244898,22.44897959,40.81632653,79.59183673,96.93877551,5.102040816,27.55102041,51.02040816,78.57142857,100,3.06122449,11.2244898,44.89795918,65.30612245,98.97959184,1.020408163,22.44897959,40.81632653,71.42857143,96.93877551,Negative
0.498753117,30.42394015,69.57605985,87.28179551,100,2.244389027,27.18204489,50.37406484,68.82793017,99.75062344,0.249376559,16.70822943,43.3915212,61.09725686,98.50374065,0.748129676,23.19201995,47.13216958,69.32668329,99.75062344,0.498753117,24.43890274,55.86034913,81.2967581,99.50124688,0.249376559,26.68329177,44.13965087,72.319202,100,0.249376559,17.70573566,44.13965087,63.09226933,98.50374065,2.244389027,25.68578554,51.62094763,69.07730673,99.75062344,0.498753117,30.67331671,64.83790524,86.28428928,100,2.244389027,26.18453865,52.61845387,69.82543641,99.75062344,0.498753117,23.19201995,50.12468828,79.80049875,99.50124688,0.249376559,26.68329177,44.13965087,72.319202,100,0.997506234,30.17456359,51.12219451,82.29426434,100,0.249376559,24.18952618,48.62842893,71.82044888,99.75062344,2.743142145,25.93516209,63.34164589,90.52369077,96.75810474,0.249376559,27.93017456,56.85785536,82.29426434,100,0.748129676,17.70573566,44.13965087,63.59102244,99.75062344,4.239401496,27.43142145,52.11970075,77.30673317,99.50124688,0.748129676,17.20698254,43.89027431,63.09226933,98.50374065,0.498753117,30.42394015,69.57605985,87.28179551,100,0.249376559,28.42892768,51.62094763,69.32668329,99.75062344,Negative
2.309468822,24.24942263,46.65127021,73.67205543,99.30715935,0.461893764,28.86836028,51.27020785,75.2886836,99.76905312,0.230946882,21.24711316,48.0369515,73.90300231,100,0.461893764,27.48267898,50.11547344,75.75057737,99.76905312,0.923787529,23.3256351,52.65588915,79.67667436,99.53810624,0.230946882,23.55658199,47.34411085,65.35796767,100,0.230946882,21.93995381,48.72979215,72.7482679,100,0.461893764,28.86836028,51.9630485,76.44341801,99.76905312,2.309468822,24.24942263,46.88221709,73.67205543,99.30715935,0.461893764,24.48036952,50.11547344,75.98152425,99.76905312,0.923787529,25.17321016,52.65588915,78.52193995,99.53810624,0.230946882,23.55658199,47.34411085,65.35796767,100,2.540415704,24.7113164,46.88221709,73.67205543,99.30715935,0.230946882,24.94226328,50.11547344,75.75057737,100,6.697459584,15.47344111,43.18706697,58.66050808,79.2147806,0.230946882,17.09006928,43.41801386,68.36027714,99.30715935,1.154734411,30.71593533,51.73210162,76.6743649,100,0.692840647,27.48267898,55.19630485,77.36720554,99.76905312,0.461893764,23.78752887,48.72979215,79.67667436,100,2.309468822,24.24942263,46.65127021,73.67205543,99.30715935,0.230946882,29.33025404,51.03926097,72.7482679,99.76905312,Negative
1.34529148,23.31838565,54.70852018,77.13004484,99.10313901,0.896860987,22.86995516,47.08520179,72.19730942,100,0.448430493,25.56053812,51.56950673,74.88789238,99.55156951,0.896860987,24.66367713,46.6367713,72.19730942,100,1.793721973,31.39013453,56.50224215,76.23318386,99.55156951,0.448430493,13.90134529,46.18834081,71.74887892,97.75784753,0.448430493,24.21524664,48.87892377,73.5426009,99.55156951,0.896860987,24.66367713,47.08520179,72.19730942,100,1.34529148,23.31838565,55.60538117,77.13004484,99.10313901,0.896860987,26.4573991,47.08520179,73.0941704,100,1.793721973,29.59641256,55.60538117,74.88789238,99.55156951,0.448430493,13.90134529,46.18834081,71.74887892,97.75784753,1.34529148,10.31390135,15.69506726,86.9955157,95.96412556,0.448430493,26.4573991,50.67264574,74.43946188,100,7.174887892,23.31838565,34.52914798,61.88340807,86.09865471,0.448430493,18.38565022,53.81165919,76.23318386,99.55156951,0.896860987,26.00896861,47.98206278,73.5426009,100,1.793721973,24.66367713,45.29147982,72.19730942,94.17040359,2.242152466,26.00896861,48.43049327,72.64573991,99.55156951,1.34529148,23.31838565,54.70852018,77.13004484,99.10313901,0.448430493,20.62780269,49.32735426,74.43946188,100,Negative
0.209205021,19.24686192,42.78242678,67.05020921,99.37238494,0.313807531,30.64853556,55.85774059,80.0209205,99.89539749,0.10460251,23.74476987,46.75732218,72.48953975,100,0.313807531,28.45188285,54.60251046,79.07949791,99.89539749,0.209205021,21.9665272,47.80334728,71.0251046,100,0.10460251,21.33891213,42.05020921,65.89958159,99.79079498,0.10460251,24.37238494,45.60669456,72.17573222,100,0.313807531,30.64853556,56.48535565,80.54393305,99.89539749,0.209205021,19.9790795,42.78242678,66.10878661,99.37238494,0.418410042,28.76569038,54.81171548,80.23012552,99.89539749,0.209205021,22.59414226,48.0125523,71.23430962,100,0.10460251,21.33891213,42.05020921,65.89958159,99.79079498,1.150627615,13.17991632,31.48535565,73.53556485,95.39748954,0.10460251,28.34728033,51.88284519,76.67364017,100,0.732217573,12.76150628,32.11297071,54.60251046,99.37238494,0.10460251,18.93305439,48.32635983,73.53556485,100,0.418410042,27.82426778,48.84937238,73.84937238,99.68619247,0.209205021,29.07949791,51.0460251,75.73221757,99.89539749,0.523012552,28.76569038,54.49790795,79.49790795,100,0.209205021,19.24686192,42.78242678,67.05020921,99.37238494,0.10460251,27.82426778,50.31380753,77.51046025,99.89539749,Negative
1.090909091,26.90909091,48.36363636,76,99.27272727,0.727272727,22.54545455,53.45454545,77.81818182,100,0.363636364,19.27272727,48.72727273,68,97.81818182,0.727272727,27.27272727,51.63636364,76.72727273,100,5.454545455,29.45454545,50.54545455,73.45454545,98.18181818,0.363636364,18.18181818,42.54545455,72,99.27272727,0.363636364,19.63636364,52.36363636,71.27272727,97.81818182,0.727272727,25.09090909,49.45454545,76.72727273,100,1.090909091,24.72727273,47.63636364,73.81818182,99.27272727,0.727272727,28.72727273,51.63636364,76.36363636,100,5.454545455,28.36363636,50.54545455,74.54545455,98.18181818,0.363636364,18.18181818,42.54545455,72,99.27272727,1.090909091,20,40.72727273,72,99.27272727,0.363636364,24,50.18181818,74.18181818,100,17.81818182,29.81818182,54.18181818,79.63636364,98.18181818,0.363636364,21.81818182,46.18181818,73.45454545,100,7.272727273,29.09090909,58.54545455,74.18181818,98.54545455,0.727272727,27.27272727,47.27272727,75.27272727,99.63636364,0.727272727,19.63636364,48.72727273,71.27272727,100,1.090909091,26.90909091,48.36363636,76,99.27272727,0.363636364,18.90909091,52,76.72727273,99.63636364,Negative
2.614379085,23.52941176,57.51633987,73.85620915,98.69281046,1.307189542,22.87581699,39.86928105,61.4379085,99.34640523,0.653594771,37.90849673,63.39869281,82.35294118,100,1.307189542,24.18300654,40.52287582,67.32026144,99.34640523,3.267973856,43.79084967,66.0130719,81.69934641,98.69281046,0.653594771,16.99346405,39.86928105,64.05228758,100,0.653594771,37.90849673,60.13071895,82.35294118,100,1.307189542,22.87581699,38.5620915,61.4379085,99.34640523,2.614379085,20.26143791,56.8627451,73.85620915,98.69281046,1.307189542,24.18300654,40.52287582,67.32026144,99.34640523,3.267973856,41.83006536,64.70588235,81.69934641,98.69281046,0.653594771,16.99346405,39.86928105,64.05228758,100,2.614379085,16.99346405,33.33333333,58.82352941,87.58169935,0.653594771,25.49019608,47.7124183,75.81699346,100,35.29411765,64.70588235,69.93464052,77.77777778,94.11764706,0.653594771,18.30065359,50.32679739,67.97385621,98.69281046,4.575163399,30.71895425,48.36601307,82.35294118,100,1.960784314,26.14379085,45.75163399,83.00653595,99.34640523,1.307189542,18.95424837,50.32679739,81.04575163,100,2.614379085,23.52941176,57.51633987,73.85620915,98.69281046,0.653594771,24.83660131,43.1372549,67.97385621,99.34640523,Negative
1.187648456,26.60332542,56.05700713,77.67220903,100,0.712589074,20.66508314,42.75534442,66.27078385,99.28741093,0.237529691,28.26603325,51.06888361,76.48456057,99.52494062,0.712589074,22.80285036,44.65558195,71.73396675,100,1.425178147,28.26603325,52.73159145,76.00950119,98.57482185,0.237529691,25.65320665,50.83135392,76.48456057,99.76247031,0.237529691,25.17814727,49.40617577,76.24703088,99.52494062,0.712589074,21.6152019,43.70546318,66.50831354,99.28741093,1.187648456,26.84085511,54.63182898,76.00950119,100,0.712589074,22.80285036,47.74346793,73.39667458,100,1.425178147,25.17814727,48.93111639,74.58432304,98.57482185,0.237529691,25.65320665,50.83135392,76.48456057,99.76247031,1.187648456,26.60332542,54.63182898,70.3087886,99.76247031,0.237529691,23.75296912,47.74346793,74.82185273,99.52494062,3.325415677,25.89073634,57.00712589,75.7719715,100,0.237529691,27.0783848,55.10688836,76.72209026,99.76247031,1.425178147,27.79097387,48.6935867,76.48456057,99.52494062,0.712589074,19.0023753,43.70546318,68.17102138,100,1.425178147,28.02850356,48.93111639,76.24703088,99.52494062,1.187648456,26.60332542,56.05700713,77.67220903,100,0.237529691,19.47743468,41.80522565,65.08313539,98.81235154,Negative
0.862068966,23.79310345,50.51724138,68.79310345,100,0.344827586,24.31034483,54.13793103,79.65517241,99.82758621,0.172413793,25,45.86206897,65.68965517,99.31034483,0.344827586,27.75862069,57.93103448,79.82758621,99.82758621,0.517241379,25,46.55172414,64.13793103,99.31034483,0.172413793,20.86206897,46.89655172,75.68965517,100,0.172413793,24.65517241,45.86206897,65.68965517,99.31034483,0.344827586,27.06896552,58.79310345,80.68965517,99.82758621,0.862068966,21.20689655,50.51724138,70.51724138,100,0.344827586,27.06896552,56.89655172,78.96551724,99.82758621,0.517241379,25.68965517,47.93103448,66.72413793,99.31034483,0.172413793,20.86206897,46.89655172,75.68965517,100,0.862068966,18.62068966,50.17241379,81.20689655,100,0.172413793,25.34482759,49.13793103,75,99.82758621,1.034482759,33.44827586,56.03448276,67.75862069,98.62068966,0.172413793,20.86206897,46.55172414,67.5862069,100,0.517241379,23.27586207,46.20689655,72.24137931,99.82758621,1.034482759,31.55172414,57.93103448,80.51724138,99.13793103,0.344827586,23.27586207,43.79310345,64.82758621,99.31034483,0.862068966,23.79310345,50.51724138,68.79310345,100,0.172413793,26.55172414,61.72413793,81.55172414,99.82758621,Negative
1.395348837,39.53488372,60,72.09302326,99.06976744,1.860465116,17.20930233,38.13953488,61.86046512,99.53488372,0.465116279,20,48.8372093,84.18604651,100,1.860465116,18.60465116,36.74418605,62.3255814,97.20930233,0.930232558,28.37209302,60.46511628,81.39534884,100,0.465116279,27.44186047,48.37209302,75.34883721,99.53488372,0.465116279,20.46511628,47.44186047,80.93023256,100,1.860465116,15.34883721,36.74418605,66.04651163,97.20930233,1.395348837,39.53488372,60,71.62790698,99.06976744,1.860465116,21.86046512,38.60465116,64.65116279,97.20930233,0.930232558,25.58139535,56.74418605,79.06976744,100,0.465116279,27.44186047,48.37209302,75.34883721,99.53488372,1.395348837,40.93023256,57.20930233,76.27906977,98.60465116,0.465116279,20.93023256,47.90697674,76.74418605,100,19.53488372,31.62790698,54.88372093,62.3255814,82.79069767,0.465116279,25.58139535,56.27906977,76.27906977,98.60465116,0.930232558,23.25581395,48.8372093,80.46511628,100,1.860465116,24.18604651,41.86046512,64.65116279,99.06976744,0.930232558,18.13953488,46.04651163,78.13953488,100,1.395348837,39.53488372,60,72.09302326,99.06976744,0.465116279,17.20930233,38.60465116,73.02325581,99.53488372,Negative
3.592814371,24.5508982,47.30538922,68.26347305,99.4011976,2.994011976,29.34131737,53.89221557,77.84431138,97.60479042,0.598802395,15.56886228,43.71257485,74.25149701,100,2.994011976,23.95209581,46.10778443,75.4491018,98.80239521,1.19760479,20.95808383,38.92215569,65.86826347,100,0.598802395,46.70658683,55.68862275,76.04790419,99.4011976,0.598802395,16.76646707,49.7005988,76.04790419,100,2.994011976,28.74251497,50.89820359,74.8502994,97.60479042,3.592814371,25.74850299,47.90419162,70.65868263,99.4011976,2.994011976,23.95209581,45.50898204,74.8502994,98.80239521,1.19760479,20.95808383,38.92215569,66.46706587,100,0.598802395,46.70658683,55.68862275,76.04790419,99.4011976,12.5748503,47.90419162,55.68862275,70.65868263,99.4011976,0.598802395,23.95209581,49.7005988,74.8502994,100,3.592814371,17.36526946,34.73053892,75.4491018,98.80239521,0.598802395,30.53892216,54.49101796,67.66467066,99.4011976,1.19760479,19.16167665,49.7005988,76.04790419,100,3.592814371,23.35329341,39.52095808,75.4491018,98.80239521,1.19760479,19.76047904,43.71257485,74.25149701,100,3.592814371,24.5508982,47.30538922,68.26347305,99.4011976,0.598802395,36.52694611,52.09580838,78.44311377,97.60479042,Negative
2.189781022,24.45255474,55.47445255,82.11678832,100,0.729927007,31.02189781,52.18978102,72.26277372,98.17518248,0.364963504,15.32846715,33.57664234,65.32846715,99.27007299,0.729927007,31.02189781,52.55474453,73.35766423,98.17518248,1.459854015,20.4379562,40.87591241,71.53284672,99.6350365,0.364963504,24.08759124,52.18978102,81.75182482,100,0.364963504,16.42335766,37.22627737,67.51824818,99.27007299,0.729927007,30.65693431,52.55474453,71.89781022,98.17518248,2.189781022,24.45255474,55.10948905,81.38686131,100,0.729927007,31.02189781,56.56934307,73.72262774,98.17518248,1.459854015,20.4379562,40.51094891,71.53284672,99.6350365,0.364963504,24.08759124,52.18978102,81.75182482,100,2.189781022,14.96350365,40.1459854,82.11678832,100,0.364963504,25.54744526,50,74.45255474,99.6350365,8.759124088,20.80291971,48.17518248,67.15328467,98.90510949,0.364963504,21.53284672,41.60583942,74.81751825,100,1.094890511,20.0729927,43.06569343,69.34306569,99.27007299,0.729927007,34.30656934,57.29927007,74.45255474,99.6350365,1.094890511,18.61313869,39.41605839,67.88321168,99.27007299,2.189781022,24.45255474,55.47445255,82.11678832,100,0.364963504,31.38686131,49.6350365,72.26277372,98.54014599,Negative
0.278810409,25.74349442,49.44237918,68.30855019,99.72118959,0.185873606,27.32342007,56.04089219,82.34200743,100,0.092936803,18.58736059,38.75464684,61.24535316,96.8401487,0.185873606,26.85873606,53.0669145,79.64684015,99.9070632,0.557620818,24.9070632,47.86245353,67.37918216,99.72118959,0.092936803,21.37546468,48.32713755,71.7472119,100,0.092936803,19.98141264,40.98513011,65.42750929,100,0.185873606,27.13754647,55.11152416,80.85501859,99.9070632,0.278810409,25.92936803,50,69.23791822,99.72118959,0.185873606,24.44237918,46.65427509,74.81412639,99.53531599,0.557620818,28.71747212,52.60223048,77.88104089,99.9070632,0.092936803,21.37546468,48.32713755,71.7472119,100,1.394052045,20.44609665,45.44609665,63.66171004,97.21189591,0.092936803,25.83643123,52.50929368,79.36802974,100,0.278810409,23.69888476,42.65799257,58.17843866,92.65799257,0.092936803,24.25650558,48.88475836,69.33085502,99.72118959,1.486988848,20.81784387,42.00743494,69.14498141,100,0.278810409,31.2267658,56.50557621,82.24907063,99.9070632,0.185873606,23.88475836,45.72490706,69.14498141,99.53531599,0.278810409,25.74349442,49.44237918,68.30855019,99.72118959,0.092936803,26.57992565,62.26765799,84.75836431,100,Negative
0.33557047,25.61521253,50.33557047,74.27293065,99.66442953,0.223713647,23.15436242,51.56599553,75.61521253,100,0.111856823,26.39821029,47.31543624,74.16107383,99.88814318,0.223713647,19.68680089,47.98657718,75.05592841,100,0.33557047,26.06263982,50.67114094,74.049217,99.55257271,0.111856823,31.87919463,52.23713647,76.28635347,99.88814318,0.111856823,25.39149888,47.42729306,74.049217,99.88814318,0.223713647,23.04250559,50.55928412,79.3064877,100,0.33557047,25.83892617,50.78299776,73.60178971,99.66442953,0.223713647,20.02237136,47.53914989,73.48993289,100,0.33557047,25.5033557,50.67114094,75.27964206,99.55257271,0.111856823,31.87919463,52.23713647,76.28635347,99.88814318,3.914988814,31.31991051,51.23042506,73.82550336,99.66442953,0.111856823,24.60850112,49.66442953,75.83892617,100,0.33557047,19.01565996,49.32885906,69.35123043,97.76286353,0.111856823,28.63534676,54.36241611,76.17449664,99.66442953,0.67114094,22.93064877,44.63087248,69.57494407,99.88814318,0.223713647,21.47651007,47.98657718,75.61521253,100,0.447427293,24.27293065,47.20357942,73.71364653,100,0.33557047,25.61521253,50.33557047,74.27293065,99.66442953,0.111856823,23.71364653,52.57270694,76.62192394,98.43400447,Negative
0.941915228,23.86185243,49.92150706,79.74882261,99.84301413,0.313971743,28.10047096,54.31711146,72.52747253,98.74411303,0.156985871,21.03610675,39.71742543,66.24803768,100,0.313971743,26.2166405,53.5321821,71.89952904,99.84301413,1.098901099,28.57142857,51.80533752,78.96389325,99.68602826,0.156985871,17.42543171,37.04866562,66.09105181,100,0.156985871,19.78021978,37.83359498,66.24803768,100,0.313971743,32.49607535,56.04395604,73.15541601,98.74411303,0.941915228,24.96075353,49.92150706,79.43485086,99.84301413,0.313971743,23.54788069,50.86342229,69.23076923,99.84301413,1.098901099,29.82731554,56.20094192,80.21978022,99.68602826,0.156985871,17.42543171,37.04866562,66.09105181,100,0.941915228,12.08791209,21.19309262,40.03139717,85.87127159,0.156985871,29.04238619,55.7299843,77.86499215,100,3.924646782,15.855573,33.59497645,48.19466248,99.84301413,0.156985871,26.05965463,48.19466248,77.55102041,100,0.313971743,23.70486656,45.99686028,69.07378336,99.68602826,1.569858713,22.91993721,55.7299843,75.51020408,99.84301413,0.784929356,22.29199372,42.22919937,67.1899529,99.68602826,0.941915228,23.86185243,49.92150706,79.74882261,99.84301413,0.156985871,31.08320251,57.14285714,77.23704867,100,Negative
6.111111111,22.77777778,54.44444444,79.44444444,100,1.111111111,20,41.66666667,66.11111111,97.77777778,0.555555556,25.55555556,50.55555556,76.66666667,99.44444444,1.111111111,27.22222222,53.88888889,70.55555556,98.33333333,7.222222222,22.22222222,45,74.44444444,98.88888889,0.555555556,23.33333333,48.88888889,79.44444444,100,0.555555556,24.44444444,49.44444444,76.66666667,99.44444444,1.111111111,26.11111111,46.11111111,63.33333333,97.77777778,4.444444444,21.66666667,52.77777778,79.44444444,100,1.111111111,26.11111111,48.33333333,70.55555556,97.77777778,7.222222222,23.88888889,49.44444444,75,98.88888889,0.555555556,23.33333333,48.88888889,79.44444444,100,11.66666667,48.88888889,65.55555556,90.55555556,100,0.555555556,23.88888889,46.11111111,69.44444444,99.44444444,6.111111111,18.33333333,63.88888889,83.88888889,92.77777778,0.555555556,18.33333333,45.55555556,72.22222222,100,2.777777778,34.44444444,55.55555556,75,99.44444444,1.111111111,20.55555556,46.11111111,72.77777778,97.77777778,1.111111111,28.88888889,50,75,99.44444444,6.111111111,22.77777778,54.44444444,79.44444444,100,0.555555556,9.444444444,38.88888889,63.33333333,97.77777778,Negative
0.576368876,28.8184438,52.16138329,77.52161383,98.84726225,0.864553314,24.49567723,52.44956772,76.65706052,100,0.288184438,21.90201729,41.78674352,68.29971182,98.55907781,0.864553314,23.91930836,51.29682997,74.35158501,100,1.152737752,23.63112392,43.51585014,69.16426513,98.84726225,0.288184438,25.93659942,51.87319885,80.11527378,98.55907781,0.288184438,22.47838617,42.36311239,68.87608069,98.55907781,0.864553314,24.2074928,52.44956772,75.7925072,100,0.576368876,28.8184438,52.16138329,78.67435159,98.84726225,2.305475504,23.91930836,53.31412104,75.7925072,100,0.864553314,23.63112392,42.65129683,68.87608069,98.84726225,0.288184438,25.93659942,51.87319885,80.11527378,98.55907781,0.576368876,27.95389049,49.85590778,77.23342939,97.6945245,0.288184438,23.91930836,48.70317003,73.4870317,100,2.88184438,28.8184438,53.60230548,77.52161383,97.98270893,0.288184438,28.8184438,55.61959654,78.96253602,100,1.152737752,23.34293948,44.95677233,70.31700288,99.13544669,0.864553314,20.4610951,46.68587896,70.89337176,99.71181556,1.152737752,24.2074928,47.55043228,73.4870317,100,0.576368876,28.8184438,52.16138329,77.52161383,98.84726225,0.288184438,21.61383285,49.56772334,70.60518732,99.71181556,Negative
1.293103448,30.60344828,57.32758621,78.44827586,100,0.862068966,18.96551724,34.9137931,59.48275862,98.70689655,0.431034483,27.15517241,54.31034483,78.01724138,99.56896552,0.862068966,19.82758621,38.79310345,64.65517241,97.4137931,1.293103448,29.74137931,57.75862069,78.01724138,99.56896552,0.431034483,18.10344828,49.13793103,77.5862069,100,0.431034483,25.86206897,50.43103448,75,99.56896552,0.862068966,19.39655172,34.9137931,60.34482759,97.4137931,1.293103448,29.74137931,55.60344828,77.15517241,100,0.862068966,20.25862069,37.93103448,67.24137931,97.4137931,1.293103448,28.01724138,56.03448276,76.72413793,99.56896552,0.431034483,18.10344828,49.13793103,77.5862069,100,5.172413793,13.79310345,51.72413793,84.48275862,100,0.431034483,22.84482759,44.39655172,68.53448276,99.56896552,3.448275862,45.25862069,71.12068966,78.44827586,97.84482759,0.431034483,25.86206897,53.01724138,78.44827586,100,1.724137931,22.4137931,47.4137931,70.25862069,99.56896552,0.862068966,24.13793103,41.81034483,67.24137931,98.27586207,2.155172414,23.27586207,46.12068966,75,99.56896552,1.293103448,30.60344828,57.32758621,78.44827586,100,0.431034483,18.96551724,37.93103448,59.48275862,98.70689655,Negative
4.5,26.5,46,83.5,99.5,1.5,27.5,53,70,98,0.5,19.5,46.5,72.5,100,1.5,26,54,74,99,2.5,20,47,72,100,0.5,25,39,74.5,96.5,0.5,20,46.5,71.5,100,1.5,29.5,54,70,98,4.5,21.5,46,83.5,99.5,1.5,25.5,54,74,99,2.5,21.5,48,73,100,0.5,25,39,74.5,96.5,4.5,30.5,40.5,82.5,93,0.5,23.5,49.5,73,100,10,15.5,52.5,84,99,0.5,20,44.5,73,99.5,1,24,47,67,100,1.5,25.5,57,79,99,1,20,47,72.5,100,4.5,26.5,46,83.5,99.5,0.5,31,55.5,71.5,98,Negative
0.471698113,29.08805031,50.78616352,77.98742138,100,0.314465409,24.68553459,50.62893082,72.16981132,99.05660377,0.157232704,21.22641509,47.64150943,72.01257862,99.8427673,0.314465409,26.72955975,52.98742138,77.04402516,100,0.628930818,25.31446541,49.05660377,76.25786164,99.8427673,0.157232704,19.96855346,42.9245283,68.08176101,97.79874214,0.157232704,21.22641509,48.27044025,72.01257862,99.8427673,0.314465409,25.1572327,50.62893082,73.89937107,99.05660377,0.471698113,28.30188679,50.78616352,77.98742138,100,0.786163522,26.10062893,52.83018868,77.51572327,100,0.314465409,25.94339623,49.52830189,76.25786164,99.8427673,0.157232704,19.96855346,42.9245283,68.08176101,97.79874214,0.471698113,25,49.68553459,71.5408805,97.79874214,0.157232704,23.74213836,48.58490566,72.01257862,99.8427673,0.628930818,33.01886792,52.83018868,83.96226415,100,0.157232704,23.89937107,49.68553459,73.42767296,99.8427673,0.786163522,24.37106918,45.91194969,69.96855346,99.52830189,0.314465409,27.51572327,54.87421384,79.40251572,100,1.100628931,22.01257862,48.74213836,72.48427673,99.8427673,0.471698113,29.08805031,50.78616352,77.98742138,100,0.157232704,24.68553459,49.37106918,71.69811321,99.05660377,Negative
0.617283951,21.2962963,42.59259259,66.04938272,100,1.234567901,27.77777778,57.71604938,80.86419753,99.07407407,0.308641975,30.55555556,60.49382716,80.55555556,98.7654321,0.925925926,26.85185185,51.54320988,76.2345679,99.69135802,1.543209877,27.16049383,49.69135802,74.38271605,100,0.308641975,17.90123457,46.60493827,70.37037037,99.38271605,0.308641975,30.55555556,62.03703704,82.40740741,99.07407407,1.234567901,26.54320988,50,76.2345679,98.14814815,0.617283951,22.83950617,43.51851852,67.59259259,100,1.851851852,26.85185185,50,73.7654321,99.69135802,0.925925926,27.16049383,51.85185185,75.92592593,100,0.308641975,17.90123457,46.60493827,70.37037037,99.38271605,0.617283951,15.74074074,41.35802469,53.39506173,99.38271605,0.308641975,27.77777778,57.09876543,79.32098765,100,8.024691358,27.16049383,48.14814815,71.2962963,99.69135802,0.308641975,20.67901235,44.13580247,65.74074074,99.38271605,0.925925926,28.7037037,62.03703704,85.18518519,99.07407407,1.234567901,36.11111111,60.18518519,79.62962963,100,0.925925926,34.25925926,61.41975309,82.40740741,98.7654321,0.617283951,21.2962963,42.59259259,66.04938272,100,0.308641975,23.45679012,47.5308642,77.4691358,99.07407407,Negative
2,29.33333333,52.66666667,80.66666667,94.66666667,1.333333333,20.66666667,44,67.33333333,99.33333333,0.666666667,23.33333333,47.33333333,69.33333333,100,1.333333333,24.66666667,50,70.66666667,99.33333333,2,31.33333333,58,84,100,0.666666667,16,30,62.66666667,94,0.666666667,25.33333333,42.66666667,69.33333333,100,1.333333333,22.66666667,52,70,99.33333333,2,24,49.33333333,79.33333333,94.66666667,1.333333333,24.66666667,50.66666667,70.66666667,99.33333333,2,30.66666667,55.33333333,84,100,0.666666667,16,30,62.66666667,94,2.666666667,18,56,73.33333333,94,0.666666667,22.66666667,48,72.66666667,100,6,31.33333333,46,84.66666667,94.66666667,0.666666667,20,44,76,97.33333333,3.333333333,16,42.66666667,62.66666667,100,2,28.66666667,53.33333333,74,98.66666667,1.333333333,25.33333333,62.66666667,70.66666667,100,2,29.33333333,52.66666667,80.66666667,94.66666667,0.666666667,16.66666667,40.66666667,58.66666667,99.33333333,Negative
0.648298217,23.66288493,45.54294976,68.88168558,100,0.324149109,22.6904376,57.69854133,78.76823339,99.51377634,0.162074554,27.06645057,46.19124797,69.8541329,99.83792545,0.324149109,25.12155592,57.21231767,79.90275527,99.51377634,1.782820097,24.63533225,45.21880065,69.20583468,100,0.162074554,23.17666126,48.62236629,68.23338736,99.67585089,0.162074554,26.2560778,46.83954619,69.8541329,99.83792545,0.324149109,23.98703404,57.69854133,79.90275527,99.51377634,0.648298217,24.14910859,45.86709887,70.01620746,100,0.324149109,21.23176661,54.45705024,76.98541329,99.51377634,1.782820097,27.06645057,47.32576985,76.17504052,100,0.162074554,23.17666126,48.62236629,68.23338736,99.67585089,0.648298217,23.17666126,45.3808752,74.39222042,97.89303079,0.162074554,23.98703404,50.24311183,75.5267423,100,4.700162075,30.79416532,49.27066451,70.66450567,99.35170178,0.162074554,28.363047,48.9465154,72.44732577,100,0.486223663,25.12155592,50.40518639,77.63371151,99.83792545,0.324149109,19.77309562,50.56726094,74.87844408,99.35170178,0.810372771,23.82495948,46.83954619,74.06807131,99.83792545,0.648298217,23.66288493,45.54294976,68.88168558,100,0.162074554,26.90437601,57.53646677,78.44408428,99.18962723,Negative
3.296703297,15.38461538,31.86813187,50.54945055,97.8021978,2.197802198,32.96703297,59.34065934,75.82417582,100,1.098901099,26.37362637,56.04395604,81.31868132,96.7032967,2.197802198,23.07692308,53.84615385,72.52747253,100,3.296703297,19.78021978,39.56043956,64.83516484,95.6043956,1.098901099,26.37362637,57.14285714,81.31868132,97.8021978,1.098901099,28.57142857,57.14285714,82.41758242,96.7032967,2.197802198,23.07692308,58.24175824,72.52747253,100,3.296703297,15.38461538,36.26373626,53.84615385,97.8021978,2.197802198,29.67032967,58.24175824,72.52747253,100,3.296703297,17.58241758,36.26373626,63.73626374,95.6043956,1.098901099,26.37362637,57.14285714,81.31868132,97.8021978,4.395604396,12.08791209,38.46153846,49.45054945,97.8021978,1.098901099,29.67032967,58.24175824,79.12087912,100,3.296703297,7.692307692,19.78021978,40.65934066,78.02197802,1.098901099,16.48351648,38.46153846,56.04395604,97.8021978,9.89010989,39.56043956,64.83516484,82.41758242,96.7032967,2.197802198,17.58241758,42.85714286,71.42857143,100,9.89010989,34.06593407,63.73626374,82.41758242,100,3.296703297,15.38461538,31.86813187,50.54945055,97.8021978,1.098901099,20.87912088,47.25274725,73.62637363,98.9010989,Negative
1.342281879,21.47651007,58.38926174,80.20134228,99.32885906,0.67114094,23.48993289,50.33557047,78.8590604,98.32214765,0.33557047,28.52348993,45.63758389,62.75167785,100,0.67114094,26.17449664,52.68456376,79.53020134,98.99328859,1.342281879,28.52348993,46.97986577,74.83221477,99.32885906,0.33557047,16.77852349,48.32214765,70.46979866,100,0.33557047,28.18791946,45.30201342,65.10067114,100,0.67114094,26.84563758,53.3557047,81.54362416,98.32214765,1.342281879,18.79194631,56.37583893,78.18791946,99.32885906,0.67114094,25.16778523,53.3557047,79.86577181,98.99328859,1.006711409,28.52348993,47.65100671,74.16107383,99.32885906,0.33557047,16.77852349,48.32214765,70.46979866,100,4.362416107,17.44966443,56.37583893,73.15436242,96.6442953,0.33557047,25.5033557,47.98657718,73.82550336,100,6.375838926,26.51006711,58.38926174,82.88590604,99.32885906,0.33557047,21.47651007,52.68456376,77.18120805,99.32885906,1.677852349,29.86577181,47.31543624,68.45637584,100,0.67114094,23.15436242,53.3557047,79.86577181,98.99328859,2.348993289,32.2147651,47.98657718,70.46979866,100,1.342281879,21.47651007,58.38926174,80.20134228,99.32885906,0.33557047,19.79865772,43.95973154,70.13422819,97.98657718,Negative
0.21691974,22.48734635,51.04844541,77.58496023,99.2769342,0.433839479,28.19956616,51.77151121,74.76500362,99.6384671,0.07230658,18.07664497,42.4439624,72.45119306,100,0.433839479,28.85032538,52.63919017,74.33116414,99.6384671,0.14461316,24.87346349,49.02386117,78.09110629,100,0.07230658,15.1120752,33.76717281,65.22053507,99.92769342,0.07230658,18.22125813,40.6362979,69.92046276,100,0.433839479,29.57339118,52.85610991,75.12653651,99.6384671,0.21691974,22.92118583,51.04844541,77.58496023,99.2769342,0.433839479,29.64569776,53.72378886,74.62039046,99.6384671,0.14461316,24.15039769,46.85466377,77.00650759,100,0.07230658,15.1120752,33.76717281,65.22053507,99.92769342,1.301518438,12.65365148,30.15184382,76.64497469,99.2769342,0.07230658,24.72885033,49.81923355,74.8373102,100,2.024584237,34.56254519,54.15762834,73.89732466,96.16775127,0.07230658,22.05350687,51.91612437,81.20028923,100,0.14461316,23.71655821,40.20245842,70.8604483,99.92769342,0.939985539,30.51337672,54.88069414,74.18655098,99.49385394,0.14461316,16.9197397,42.0824295,73.10195228,100,0.21691974,22.48734635,51.04844541,77.58496023,99.2769342,0.07230658,30.80260304,52.63919017,74.40347072,99.49385394,Positive
1.992031873,32.27091633,60.55776892,78.48605578,100,0.796812749,19.52191235,38.64541833,61.75298805,98.4063745,0.398406375,26.29482072,45.41832669,82.8685259,99.60159363,0.796812749,24.70119522,47.01195219,70.91633466,98.4063745,1.593625498,21.11553785,56.97211155,80.87649402,99.20318725,0.398406375,25.49800797,52.58964143,66.53386454,100,0.398406375,23.10756972,44.22310757,79.28286853,99.60159363,0.796812749,22.31075697,42.2310757,67.72908367,98.4063745,1.992031873,30.67729084,59.3625498,76.4940239,100,0.796812749,29.88047809,50.19920319,73.70517928,98.4063745,1.593625498,19.92031873,44.62151394,78.0876494,99.20318725,0.398406375,25.49800797,52.58964143,66.53386454,100,3.187250996,33.86454183,60.15936255,81.67330677,100,0.398406375,21.9123506,43.42629482,70.91633466,99.60159363,5.179282869,36.65338645,66.13545817,78.88446215,90.43824701,0.398406375,32.27091633,60.9561753,76.4940239,100,1.593625498,19.52191235,41.43426295,61.35458167,99.20318725,1.195219124,22.31075697,43.8247012,69.72111554,98.4063745,0.796812749,26.29482072,49.00398406,79.28286853,99.20318725,1.992031873,32.27091633,60.55776892,78.48605578,100,0.398406375,19.12350598,35.85657371,53.38645418,99.60159363,Negative
0.763358779,20.3562341,34.09669211,64.1221374,96.43765903,1.272264631,34.86005089,56.23409669,78.88040712,99.49109415,0.254452926,16.5394402,40.20356234,69.97455471,100,1.272264631,35.62340967,53.94402036,77.09923664,99.23664122,0.508905852,19.08396947,43.00254453,73.02798982,100,0.254452926,17.55725191,31.043257,59.03307888,99.49109415,0.254452926,17.55725191,47.83715013,71.75572519,100,1.272264631,36.8956743,55.72519084,79.38931298,99.23664122,0.763358779,21.11959288,33.84223919,64.1221374,96.43765903,1.272264631,35.11450382,50.63613232,76.59033079,99.23664122,0.508905852,20.86513995,51.65394402,74.80916031,100,0.254452926,17.55725191,31.043257,59.03307888,99.49109415,0.763358779,21.88295165,32.0610687,54.96183206,96.43765903,0.254452926,24.42748092,50.89058524,76.33587786,100,5.852417303,27.73536896,43.00254453,67.9389313,94.1475827,0.254452926,24.17302799,43.00254453,78.37150127,99.74554707,0.508905852,22.39185751,55.47073791,72.01017812,100,1.272264631,25.95419847,45.80152672,75.31806616,98.72773537,0.508905852,20.86513995,46.81933842,77.86259542,100,0.763358779,20.3562341,34.09669211,64.1221374,96.43765903,0.254452926,37.91348601,58.2697201,75.57251908,99.49109415,Positive
1.307692308,17.92307692,43.76923077,80.92307692,98.84615385,0.153846154,27.84615385,52.07692308,73.76923077,99.76923077,0.076923077,20.76923077,46.69230769,73.92307692,100,0.153846154,28.07692308,51.84615385,74,99.76923077,0.230769231,25.38461538,51.92307692,77.23076923,99.92307692,0.076923077,9,24,59.30769231,100,0.076923077,17.15384615,44.76923077,73.46153846,100,0.153846154,29.84615385,53.07692308,73.84615385,99.76923077,0.384615385,17.69230769,43.15384615,80.92307692,98.84615385,0.153846154,28.53846154,51.84615385,74.46153846,99.76923077,0.230769231,25.30769231,52.23076923,75.92307692,99.92307692,0.076923077,9,24,59.30769231,100,2.692307692,14.76923077,39.30769231,81.38461538,96.46153846,0.076923077,25.76923077,50.76923077,74.53846154,100,1.307692308,20.46153846,41.23076923,75.53846154,97.69230769,0.076923077,19.53846154,57.69230769,80.69230769,99.76923077,0.153846154,25.38461538,44.92307692,75.23076923,100,1.538461538,27.07692308,52.53846154,70.84615385,99.38461538,0.230769231,19.84615385,45.46153846,75.92307692,100,1.307692308,17.92307692,43.76923077,80.92307692,98.84615385,0.076923077,29.69230769,52.92307692,72.92307692,99.46153846,Positive
0.178412132,18.82247993,43.71097235,69.93755575,98.75111508,0.356824264,26.67261374,49.06333631,74.04103479,99.82158787,0.089206066,12.04281891,65.38804639,89.56289028,100,0.356824264,26.40499554,48.61730598,73.59500446,99.55396967,0.267618198,27.11864407,61.19536128,79.48260482,99.7323818,0.089206066,3.56824264,7.493309545,64.85280999,100,0.089206066,11.06155219,64.0499554,87.24353256,100,0.356824264,27.47546833,49.42016057,74.13024086,99.55396967,0.178412132,18.82247993,43.71097235,70.91882248,98.75111508,0.356824264,25.15611062,47.01159679,71.90008921,99.55396967,0.267618198,29.25958965,57.89473684,78.32292596,99.7323818,0.089206066,3.56824264,7.493309545,64.85280999,100,0.178412132,3.56824264,5.173951829,9.723461195,98.75111508,0.089206066,25.78055308,51.65031222,76.18198037,100,2.051739518,24.97769848,43.71097235,62.9794826,98.03746655,0.089206066,26.40499554,48.79571811,75.20071365,100,0.267618198,22.21231044,48.43889384,71.81088314,99.91079393,0.356824264,26.31578947,52.27475468,77.07404103,99.10793934,0.267618198,25.33452275,63.33630687,82.426405,99.91079393,0.178412132,18.82247993,43.71097235,69.93755575,98.75111508,0.089206066,26.13737734,47.36842105,71.18644068,100,Positive
0.974025974,23.7012987,54.22077922,74.35064935,99.02597403,2.922077922,25.32467532,50.64935065,75.97402597,99.35064935,0.324675325,22.4025974,46.75324675,72.4025974,100,0.974025974,23.37662338,52.92207792,71.42857143,99.02597403,1.298701299,20.77922078,49.35064935,74.67532468,100,0.324675325,26.94805195,44.80519481,73.05194805,99.67532468,0.324675325,25,46.42857143,74.02597403,100,2.922077922,23.37662338,53.57142857,75.32467532,98.05194805,0.974025974,23.05194805,50.32467532,73.7012987,99.02597403,0.974025974,23.37662338,52.92207792,71.42857143,99.02597403,1.298701299,22.4025974,49.67532468,74.67532468,100,0.324675325,26.94805195,44.80519481,73.05194805,99.67532468,1.948051948,23.7012987,41.88311688,70.45454545,97.72727273,0.324675325,24.67532468,49.67532468,75.97402597,100,0.974025974,20.77922078,55.84415584,71.42857143,99.02597403,0.324675325,21.1038961,52.27272727,75.64935065,100,2.272727273,26.2987013,46.42857143,74.02597403,99.67532468,0.974025974,25.32467532,50.64935065,69.80519481,99.02597403,1.298701299,25,49.35064935,75,100,0.974025974,23.7012987,54.22077922,74.35064935,99.02597403,0.324675325,23.37662338,47.4025974,66.88311688,99.35064935,Negative
0.473933649,26.30331754,48.57819905,70.85308057,96.44549763,2.369668246,25.11848341,51.18483412,76.54028436,99.76303318,0.236966825,13.507109,44.54976303,74.64454976,100,2.369668246,28.19905213,50.71090047,73.69668246,99.28909953,0.710900474,8.767772512,53.08056872,86.492891,100,0.236966825,18.95734597,45.97156398,71.80094787,99.76303318,0.236966825,18.95734597,45.97156398,72.51184834,100,2.369668246,27.72511848,52.13270142,77.48815166,99.28909953,0.473933649,25.35545024,48.57819905,71.56398104,96.44549763,2.369668246,27.01421801,51.42180095,77.48815166,99.28909953,0.710900474,24.88151659,48.81516588,74.64454976,100,0.236966825,18.95734597,45.97156398,71.80094787,99.76303318,0.473933649,20.37914692,44.78672986,69.90521327,96.44549763,0.236966825,23.93364929,50.9478673,77.25118483,100,5.213270142,27.01421801,49.0521327,68.00947867,94.31279621,0.236966825,15.63981043,51.65876777,85.78199052,99.28909953,0.710900474,21.56398104,48.1042654,74.17061611,100,2.369668246,28.90995261,50,71.56398104,97.1563981,0.710900474,18.48341232,50.9478673,83.88625592,100,0.473933649,26.30331754,48.57819905,70.85308057,96.44549763,0.236966825,24.88151659,49.52606635,73.45971564,99.76303318,Positive
0.351493849,12.82952548,24.4288225,63.26889279,97.36379613,0.702987698,32.68892794,53.77855888,77.32864675,99.47275923,0.175746924,25.30755712,53.60281195,74.86818981,100,0.702987698,30.40421793,50.79086116,75.92267135,99.47275923,0.527240773,16.87170475,47.80316344,69.94727592,100,0.175746924,7.732864675,46.7486819,76.80140598,99.64850615,0.175746924,17.92618629,53.07557118,72.40773286,100,0.702987698,33.74340949,55.18453427,78.03163445,99.47275923,0.351493849,13.35676626,25.13181019,63.26889279,97.36379613,0.702987698,35.50087873,55.00878735,77.6801406,99.47275923,0.527240773,17.92618629,42.00351494,70.29876977,100,0.175746924,7.732864675,46.7486819,76.80140598,99.64850615,0.351493849,6.854130053,46.7486819,78.20738137,97.36379613,0.175746924,26.71353251,50.61511424,75.92267135,100,4.569420035,16.34446397,40.07029877,67.66256591,96.13356766,0.175746924,13.88400703,52.19683656,79.08611599,99.82425308,0.878734622,30.57996485,52.37258348,66.25659051,100,0.702987698,23.90158172,43.93673111,75.04393673,98.94551845,0.527240773,34.44639719,64.32337434,86.11599297,100,0.351493849,12.82952548,24.4288225,63.26889279,97.36379613,0.175746924,31.45869947,48.33040422,71.70474517,97.71528998,Positive
1.851851852,25.46296296,51.85185185,73.61111111,98.14814815,1.388888889,24.07407407,47.68518519,68.05555556,99.07407407,0.462962963,22.68518519,51.38888889,77.31481481,100,1.388888889,25.46296296,49.53703704,67.12962963,99.07407407,3.240740741,23.61111111,52.31481481,77.77777778,96.2962963,0.462962963,20.37037037,44.90740741,74.53703704,100,0.462962963,24.07407407,46.2962963,75.92592593,100,1.388888889,21.2962963,48.14814815,67.12962963,99.07407407,1.851851852,25.92592593,52.77777778,75,98.14814815,1.388888889,26.38888889,49.53703704,68.05555556,99.07407407,3.240740741,22.68518519,52.31481481,77.31481481,96.2962963,0.462962963,20.37037037,44.90740741,74.53703704,100,1.851851852,15.74074074,37.96296296,71.75925926,98.14814815,0.462962963,24.07407407,48.61111111,74.07407407,100,5.092592593,34.72222222,58.7962963,78.24074074,97.68518519,0.462962963,20.37037037,46.75925926,73.14814815,98.14814815,3.703703704,26.85185185,53.7037037,83.33333333,100,1.388888889,25.46296296,49.53703704,66.66666667,99.07407407,1.388888889,24.53703704,48.61111111,75.92592593,100,1.851851852,25.46296296,51.85185185,73.61111111,98.14814815,0.462962963,19.90740741,47.22222222,70.83333333,99.07407407,Negative
1.253918495,27.27272727,50.15673981,70.21943574,100,0.626959248,23.51097179,52.03761755,77.42946708,99.68652038,0.313479624,22.88401254,47.3354232,73.35423197,99.05956113,0.626959248,23.82445141,50.78369906,75.86206897,99.68652038,1.253918495,22.88401254,49.84326019,70.53291536,100,0.313479624,26.64576803,46.0815047,75.54858934,99.05956113,0.313479624,25.39184953,48.90282132,75.54858934,99.05956113,0.626959248,23.51097179,52.03761755,77.11598746,99.68652038,1.253918495,26.95924765,48.58934169,68.65203762,100,0.626959248,24.13793103,50.78369906,73.98119122,99.68652038,1.253918495,22.25705329,49.84326019,74.29467085,100,0.313479624,26.64576803,46.0815047,75.54858934,99.05956113,3.134796238,19.43573668,39.81191223,56.11285266,97.49216301,0.313479624,24.45141066,52.03761755,76.17554859,100,1.567398119,26.95924765,51.09717868,68.65203762,96.23824451,0.313479624,24.45141066,50.47021944,74.92163009,99.68652038,1.880877743,27.5862069,48.27586207,75.54858934,99.37304075,0.940438871,21.94357367,49.84326019,68.33855799,100,0.626959248,24.45141066,50.78369906,76.17554859,99.68652038,1.253918495,27.27272727,50.15673981,70.21943574,100,0.313479624,22.57053292,46.0815047,75.86206897,99.37304075,Negative
1.043478261,26,49.2173913,71.82608696,99.65217391,0.173913043,22.7826087,52.26086957,77.2173913,99.91304348,0.086956522,26.08695652,48.86956522,72.08695652,100,0.173913043,23.91304348,52.95652174,75.47826087,99.91304348,0.347826087,26.60869565,50.52173913,76.86956522,99.65217391,0.086956522,24.69565217,45.56521739,63.73913043,100,0.086956522,24.95652174,48.26086957,71.30434783,100,0.173913043,24.17391304,54.52173913,77.65217391,99.91304348,1.043478261,25.73913043,48.08695652,70.43478261,99.65217391,0.173913043,24.17391304,47.56521739,69.82608696,99.91304348,0.347826087,25.30434783,54.95652174,80.08695652,99.73913043,0.086956522,24.69565217,45.56521739,63.73913043,100,2.086956522,25.82608696,44.52173913,60.08695652,98.7826087,0.086956522,26.52173913,54.95652174,79.65217391,100,1.043478261,11.47826087,35.73913043,53.04347826,83.39130435,0.086956522,24.69565217,48.08695652,74.17391304,99.56521739,0.260869565,23.13043478,44.34782609,69.73913043,100,0.173913043,26.69565217,54.95652174,77.39130435,99.91304348,0.173913043,25.47826087,48.60869565,72.08695652,100,1.043478261,26,49.2173913,71.82608696,99.65217391,0.086956522,22.60869565,54.26086957,79.2173913,99.73913043,Negative
0.873362445,27.07423581,52.62008734,76.8558952,94.97816594,1.310043668,23.58078603,51.09170306,75.76419214,98.90829694,0.218340611,20.74235808,47.59825328,70.96069869,100,1.310043668,25.32751092,52.40174672,76.20087336,98.90829694,0.436681223,25.98253275,50,79.69432314,99.78165939,0.218340611,18.34061135,42.79475983,69.2139738,100,0.218340611,20.74235808,46.28820961,69.86899563,100,1.310043668,25.32751092,53.27510917,76.63755459,98.90829694,0.873362445,27.07423581,52.62008734,77.51091703,94.97816594,1.310043668,25.32751092,52.40174672,76.20087336,98.90829694,0.436681223,25.98253275,50,77.51091703,99.78165939,0.218340611,18.34061135,42.79475983,69.2139738,100,1.746724891,35.58951965,63.31877729,76.8558952,94.97816594,0.218340611,24.23580786,49.12663755,74.89082969,100,6.113537118,23.79912664,48.90829694,68.34061135,94.75982533,0.218340611,22.05240175,51.09170306,76.63755459,99.78165939,0.436681223,23.58078603,47.59825328,67.68558952,100,0.873362445,26.63755459,51.9650655,77.94759825,98.68995633,0.436681223,24.23580786,48.68995633,75.76419214,100,0.873362445,27.07423581,52.62008734,76.8558952,94.97816594,0.218340611,20.08733624,45.85152838,71.61572052,99.56331878,Negative
2.586206897,23.27586207,45.25862069,65.0862069,90.94827586,0.862068966,28.01724138,53.01724138,78.44827586,100,0.431034483,20.25862069,47.4137931,78.01724138,99.56896552,3.448275862,25,48.27586207,76.29310345,100,1.293103448,18.10344828,47.4137931,78.01724138,99.56896552,0.431034483,28.01724138,57.32758621,70.25862069,98.27586207,0.431034483,20.68965517,47.84482759,74.56896552,99.56896552,3.448275862,27.5862069,50.86206897,79.31034483,100,0.862068966,23.27586207,45.25862069,65.94827586,90.94827586,3.448275862,23.27586207,46.55172414,75,100,1.293103448,22.84482759,47.84482759,76.29310345,99.56896552,0.431034483,28.01724138,57.32758621,70.25862069,98.27586207,15.94827586,39.22413793,65.0862069,75.86206897,89.65517241,0.431034483,25.86206897,49.56896552,78.44827586,100,9.482758621,21.12068966,30.17241379,59.05172414,70.68965517,0.431034483,25.43103448,58.18965517,75,98.70689655,2.155172414,24.13793103,48.27586207,78.87931034,99.56896552,3.448275862,22.4137931,45.25862069,70.68965517,100,1.293103448,21.98275862,47.4137931,82.32758621,99.56896552,2.586206897,23.27586207,45.25862069,65.0862069,90.94827586,0.431034483,27.5862069,54.74137931,73.70689655,100,Negative
0.124300808,21.56619018,44.93474208,68.86264761,99.87569919,0.186451212,24.922312,50.34182722,75.32628962,99.19204475,0.062150404,26.41392169,51.08763207,77.81230578,100,0.186451212,24.9844624,50.90118086,76.32069608,99.19204475,0.124300808,25.79241765,48.78806712,71.78371659,100,0.062150404,21.62834058,47.48290864,71.65941579,99.9378496,0.062150404,26.28962088,49.9689248,76.5071473,100,0.186451212,25.0466128,50.96333126,75.63704164,99.19204475,0.124300808,21.37973897,45.05904288,68.6761964,99.87569919,0.186451212,24.922312,50.34182722,75.32628962,99.19204475,0.124300808,25.91671846,49.78247359,75.077688,100,0.062150404,21.62834058,47.48290864,71.65941579,99.9378496,1.180857676,29.02423866,58.42137974,73.21317589,99.25419515,0.062150404,25.35736482,50.15537601,75.20198881,100,1.305158484,16.22125544,40.33561218,64.51211933,96.76817899,0.062150404,25.35736482,51.64698571,73.71037912,99.68924798,0.248601616,28.52703543,52.08203853,76.19639528,100,0.124300808,20.88253574,45.2454941,74.76693599,99.87569919,0.248601616,26.35177129,50.40397763,76.32069608,100,0.124300808,21.56619018,44.93474208,68.86264761,99.87569919,0.062150404,24.86016159,50.77688005,75.45059043,99.68924798,Positive
